factor,roi,diff,SSIM
1,LTX145_Da211_idx3,1.2409673422546455e-5,0.9999999992688083
1,LTX051_Da2067_idx1,1.1812457787638604e-5,0.9999999986913699
1,LTX029_Da372_idx1,1.129077464109125e-5,0.9999999994618145
1,LTX092_Da378_idx5,1.755734457077737e-5,0.9999999983434197
1,LTX144_Da246_idx2,1.4750466871296788e-5,0.9999999983055008
1,LTX055_Da738_idx1,1.6260271868065414e-5,0.9999999984246901
1,LTX102_Da672_idx2,2.1578015885024194e-5,0.9999999972939208
1,LTX062_Da313_idx2,1.0517955766609676e-5,0.9999999994207732
1,LTX051_Da294_idx1,1.2148526174743417e-5,0.9999999991850054
1,LTX051_Da1230_idx2,3.0437741153050296e-5,0.9999999938686227
1,LTX100_Da336_idx3,3.097665822531291e-5,0.999999994712189
1,LTX001_Da256_idx1,1.3640693763298515e-5,0.9999999976810195
1,LTX102_Da847_idx1,1.9194046293121557e-5,0.9999999975463328
1,LTX013_Da154_idx3,1.5503928603827368e-5,0.9999999984484325
1,LTX021_Da106_idx1,1.4935827471483662e-5,0.999999998833405
1,LTX156_Da195_idx1,1.756490134619899e-5,0.9999999975734888
1,LTX100_Da336_idx2,1.9345741712864025e-5,0.9999999975083594
1,LTX145_Da318_idx1,2.0052778824793645e-5,0.9999999974409373
1,LTX001_Da107_idx1,2.61413212110053e-5,0.9999999966596187
1,LTX055_Da2158_idx3,1.0468503823051877e-5,0.9999999995526274
1,LTX108_Da1561_idx1,2.524112309969675e-5,0.9999999945153236
1,LTX210_Da691_idx1,2.8359061923844752e-5,0.9999999943895062
1,LTX055_Da1309_idx1,2.80354559535591e-5,0.9999999965309226
1,LTX001_Da256_idx2,1.958834881702405e-5,0.9999999975990989
1,LTX051_Da435_idx2,1.8174133346128548e-5,0.999999996880273
1,LTX073_Da501_idx2,1.460799200044728e-5,0.9999999986999458
1,LTX115_Da177_idx2,1.636656286117104e-5,0.9999999982117552
1,LTX049_Da1488_idx1,1.2093761582139266e-5,0.9999999993234503
1,LTX051_Da2067_idx2,1.6578034335130445e-5,0.9999999981729559
1,LTX029_Da2340_idx1,1.583891914902767e-5,0.9999999989824999
1,LTX145_Da318_idx4,6.414218727908866e-6,0.9999999997938179
1,LTX021_Da110_idx3,2.196525241432556e-5,0.9999999979636093
1,LTX092_Da379_idx3,2.0454207203617295e-5,0.999999998289133
1,LTX092_Da523_idx1,9.392973719476144e-6,0.9999999992396549
1,LTX092_Da252_idx4,2.8857063081346975e-6,0.9999999999645012
1,LTX001_Da232_idx2,2.198496881891641e-5,0.9999999969661693
1,LTX185_Da363_idx3,1.774877660563968e-5,0.9999999980163428
1,LTX079_Da50_idx2,1.7155916531851124e-5,0.999999997884062
1,LTX082_Da161_idx3,1.844946253210969e-5,0.99999999885295
1,LTX115_Da177_idx1,2.4483046109070462e-5,0.9999999974723596
1,LTX145_Da211_idx1,1.314968687919813e-5,0.9999999990709749
1,LTX102_Da564_idx2,6.4257010815829545e-6,0.9999999997869405
1,LTX091_Da355_idx3,1.8954917505437025e-5,0.9999999979344136
1,LTX109_Da530_idx2,1.3210335433252415e-5,0.9999999989085451
1,LTX102_Da632_idx3,1.3182323447499433e-5,0.9999999991053499
1,LTX210_Da508_idx1,6.078435962938934e-6,0.9999999996149646
1,LTX050_Da316_idx1,2.0029690326807414e-5,0.9999999980758312
1,LTX092_Da370_idx3,6.787142080311213e-6,0.9999999995162929
1,LTX092_Da523_idx2,1.1309570631682727e-6,0.9999999999936016
1,LTX193_Da153_idx3,2.3992587375496342e-5,0.9999999973888246
1,LTX109_Da1569_idx2,2.0424741456338475e-5,0.9999999981818938
1,LTX092_Da252_idx1,1.8404932665459314e-5,0.9999999982030698
1,LTX102_Da632_idx2,2.0855230672618074e-5,0.9999999974119828
1,LTX055_Da738_idx3,1.4782201960471943e-5,0.9999999987239573
1,LTX108_Da346_idx1,2.0305025806639113e-5,0.9999999974402283
1,LTX092_Da104_idx3,1.1023259292189354e-5,0.9999999994583098
1,LTX050_Da261_idx1,1.2361746585725026e-5,0.9999999988990947
1,LTX073_Da277_idx1,2.8329228821498004e-5,0.9999999956550721
1,LTX091_Da525_idx2,4.424750570823712e-6,0.9999999998566715
1,LTX013_Da153_idx3,1.5971975926268814e-5,0.9999999984229203
1,LTX021_Da110_idx1,2.247183448341445e-5,0.9999999973656862
1,LTX206_Da250_idx1,3.074698626355584e-5,0.9999999951907783
1,LTX049_Da1488_idx2,1.2739379010319905e-5,0.999999999190435
1,LTX092_Da252_idx3,1.5823458219381984e-5,0.9999999975955686
1,LTX073_Da1081_idx1,1.9408492784666593e-5,0.9999999978682426
1,LTX156_Da2042_idx2,1.804774701049544e-5,0.9999999983457961
1,LTX102_Da847_idx2,8.479712586738292e-6,0.999999999525977
1,LTX029_Da372_idx3,2.268354771884825e-5,0.9999999972767122
1,LTX001_Da374_idx1,2.1767645530013633e-5,0.9999999970316935
1,LTX051_Da1513_idx1,2.1134143669316567e-5,0.9999999978900831
1,LTX160_Da242_idx3,1.3257648649583604e-5,0.999999998821514
1,LTX051_Da435_idx4,1.866639727984389e-5,0.9999999971207045
1,LTX055_Da409_idx2,2.1155184980142054e-5,0.9999999970416635
1,LTX021_Da211_idx3,1.5754462445462016e-5,0.9999999989135216
1,LTX001_Da256_idx4,1.5213420266303725e-5,0.9999999986809823
1,LTX049_Da134_idx1,1.6602700362731034e-5,0.9999999985218077
1,LTX091_Da355_idx1,8.2544021297412e-6,0.9999999995209785
1,LTX092_Da130_idx2,8.971268344818311e-6,0.9999999994817536
1,LTX102_Da610_idx3,1.161266725643811e-5,0.9999999994309496
1,LTX156_Da195_idx2,1.110285444100678e-5,0.9999999991223764
1,LTX102_Da610_idx2,8.098890092071272e-6,0.9999999996660316
1,LTX051_Da435_idx5,9.056082209268806e-6,0.9999999995675468
1,LTX013_Da148_idx2,3.390233939025749e-5,0.9999999943403828
1,LTX092_Da524_idx2,2.1404159258056497e-5,0.9999999979267636
1,LTX082_Da161_idx2,2.3151093953219803e-5,0.9999999958708682
1,LTX144_Da554_idx1,2.248351270947351e-5,0.999999997988074
1,LTX206_Da250_idx3,2.53869232853558e-5,0.9999999958400551
1,LTX051_Da328_idx3,1.3641924263286281e-5,0.9999999988108295
1,LTX102_Da672_idx1,2.1781595809610115e-5,0.9999999976154119
1,LTX051_Da328_idx2,1.445728268391786e-5,0.9999999989579809
1,LTX051_Da328_idx1,2.3199945383394716e-5,0.9999999966853745
1,LTX001_Da163_idx2,2.959519732999122e-5,0.9999999940520783
1,LTX073_Da196_idx3,2.418365513884708e-5,0.9999999961069773
1,LTX049_Da334_idx1,1.5608347732923707e-5,0.9999999987953513
1,LTX049_Da1564_idx1,9.056625960547352e-6,0.9999999994973598
1,LTX082_Da1219_idx1,1.1874624623765407e-5,0.9999999992780846
1,LTX013_Da153_idx1,3.717999986320675e-5,0.9999999905848004
1,LTX091_Da268_idx1,1.3374127803287695e-5,0.9999999986216851
4,LTX145_Da211_idx3,1.0657822298626665e-5,0.9999999994208332
4,LTX051_Da2067_idx1,8.531079164811942e-6,0.9999999996250781
4,LTX029_Da372_idx1,2.136139071280586e-5,0.9999999980205024
4,LTX092_Da378_idx5,1.4640601876584776e-5,0.9999999986928078
4,LTX144_Da246_idx2,2.0669560477732586e-5,0.999999996725688
4,LTX055_Da738_idx1,1.875843167851412e-5,0.9999999968599995
4,LTX102_Da672_idx2,2.122928881969204e-5,0.9999999972304566
4,LTX062_Da313_idx2,1.2924667654494384e-5,0.9999999980297494
4,LTX051_Da294_idx1,7.6185480563214785e-6,0.9999999996171561
4,LTX051_Da1230_idx2,2.9761057919788345e-5,0.9999999926809846
4,LTX100_Da336_idx3,2.954911622926439e-5,0.9999999940999651
4,LTX001_Da256_idx1,1.2896671737971748e-5,0.9999999990546498
4,LTX102_Da847_idx1,2.9704193580973377e-6,0.9999999999531721
4,LTX013_Da154_idx3,2.0921397836426293e-5,0.9999999980423974
4,LTX021_Da106_idx1,1.0131528888364102e-5,0.9999999993715498
4,LTX156_Da195_idx1,1.797633563155898e-5,0.999999997721707
4,LTX100_Da336_idx2,1.4766857382779976e-5,0.9999999977191862
4,LTX145_Da318_idx1,9.858328455939453e-6,0.9999999995026436
4,LTX001_Da107_idx1,2.3777391516259628e-5,0.9999999969483372
4,LTX055_Da2158_idx3,1.3360078208216176e-5,0.9999999992186624
4,LTX108_Da1561_idx1,1.3879222691695817e-5,0.9999999986435784
4,LTX210_Da691_idx1,1.232012316717651e-5,0.999999999106706
4,LTX055_Da1309_idx1,2.3353533474546173e-5,0.9999999969735787
4,LTX001_Da256_idx2,1.6679931609966634e-5,0.9999999974633866
4,LTX051_Da435_idx2,1.782243981019238e-5,0.999999997996282
4,LTX073_Da501_idx2,1.850323319610044e-5,0.9999999976435331
4,LTX115_Da177_idx2,1.479237733265178e-5,0.999999998271748
4,LTX049_Da1488_idx1,1.809514377703723e-5,0.9999999983471547
4,LTX051_Da2067_idx2,2.4211896877229892e-5,0.9999999970582585
4,LTX029_Da2340_idx1,1.898842947529929e-5,0.9999999986922069
4,LTX145_Da318_idx4,5.2888096579737295e-6,0.9999999998407678
4,LTX021_Da110_idx3,1.9870122966881806e-5,0.9999999981432711
4,LTX092_Da379_idx3,1.6490918681937983e-5,0.9999999976682574
4,LTX092_Da523_idx1,4.1358373862675194e-6,0.9999999999214659
4,LTX092_Da252_idx4,5.937136752211308e-6,0.9999999997009698
4,LTX001_Da232_idx2,2.7496292371082777e-5,0.9999999940957928
4,LTX185_Da363_idx3,1.5468363098231435e-5,0.9999999988630444
4,LTX079_Da50_idx2,1.2943016347269385e-5,0.9999999990771675
4,LTX082_Da161_idx3,1.4586869943689306e-5,0.9999999990622266
4,LTX115_Da177_idx1,1.6413894413619123e-5,0.9999999983638673
4,LTX145_Da211_idx1,1.3662934803385569e-5,0.9999999990843312
4,LTX102_Da564_idx2,4.394520733774386e-6,0.9999999999123611
4,LTX091_Da355_idx3,1.4632969547074112e-5,0.9999999988751332
4,LTX109_Da530_idx2,8.048688218955068e-6,0.999999999422208
4,LTX102_Da632_idx3,1.1171408969551621e-5,0.9999999994469932
4,LTX210_Da508_idx1,4.741213018345564e-6,0.9999999997900905
4,LTX050_Da316_idx1,1.6062083826016142e-5,0.999999998642909
4,LTX092_Da370_idx3,8.623859314653334e-6,0.9999999995872727
4,LTX092_Da523_idx2,2.7655380928078786e-6,0.9999999999530794
4,LTX193_Da153_idx3,1.9547614874635068e-5,0.999999997694737
4,LTX109_Da1569_idx2,3.104333907746005e-5,0.9999999939017437
4,LTX092_Da252_idx1,1.6606430731502657e-5,0.9999999978912095
4,LTX102_Da632_idx2,2.1165922817184133e-5,0.9999999976859749
4,LTX055_Da738_idx3,1.1535111227383295e-5,0.9999999991376448
4,LTX108_Da346_idx1,1.3296091420436692e-5,0.9999999992810654
4,LTX092_Da104_idx3,1.7905166347998888e-5,0.99999999820132
4,LTX050_Da261_idx1,8.439062925855798e-6,0.9999999996922105
4,LTX073_Da277_idx1,2.992932616195695e-5,0.9999999944271428
4,LTX091_Da525_idx2,3.199153849729109e-6,0.9999999999066139
4,LTX013_Da153_idx3,1.6654016189343625e-5,0.9999999981263906
4,LTX021_Da110_idx1,2.0908548437460983e-5,0.9999999972009067
4,LTX206_Da250_idx1,2.2944817416383193e-5,0.9999999976518466
4,LTX049_Da1488_idx2,1.1628083554932322e-5,0.999999999508238
4,LTX092_Da252_idx3,8.771337965775494e-6,0.9999999996627557
4,LTX073_Da1081_idx1,1.938462409642467e-5,0.9999999956487763
4,LTX156_Da2042_idx2,1.7138325449031152e-5,0.99999999838076
4,LTX102_Da847_idx2,7.443492352454864e-6,0.9999999996863312
4,LTX029_Da372_idx3,2.827528604795411e-5,0.9999999955960436
4,LTX001_Da374_idx1,2.179876329092438e-5,0.9999999967935156
4,LTX051_Da1513_idx1,1.7426652143715175e-5,0.9999999986394941
4,LTX160_Da242_idx3,1.5933380987474413e-5,0.9999999977435999
4,LTX051_Da435_idx4,1.1824371964581441e-5,0.9999999992577012
4,LTX055_Da409_idx2,1.3626794821885566e-5,0.9999999989305672
4,LTX021_Da211_idx3,1.4101843872783191e-5,0.9999999990086992
4,LTX001_Da256_idx4,1.0375337256543976e-5,0.999999999371906
4,LTX049_Da134_idx1,1.1964461551105386e-5,0.9999999991352402
4,LTX091_Da355_idx1,1.4087285933515366e-5,0.999999998698516
4,LTX092_Da130_idx2,6.876694036757213e-6,0.9999999997101179
4,LTX102_Da610_idx3,1.3734626448569635e-5,0.999999999336155
4,LTX156_Da195_idx2,5.493292205670706e-6,0.9999999998598292
4,LTX102_Da610_idx2,6.001451509592863e-6,0.9999999997863579
4,LTX051_Da435_idx5,1.2566389060739678e-5,0.9999999984089096
4,LTX013_Da148_idx2,2.3558340566723328e-5,0.9999999974488951
4,LTX092_Da524_idx2,2.310362881961808e-5,0.9999999958005436
4,LTX082_Da161_idx2,2.0115430451775196e-5,0.9999999969231211
4,LTX144_Da554_idx1,2.0379620500701374e-5,0.9999999978613494
4,LTX206_Da250_idx3,2.577380355220699e-5,0.9999999968431436
4,LTX051_Da328_idx3,2.3240505379351894e-5,0.9999999976957952
4,LTX102_Da672_idx1,1.6637288004098448e-5,0.9999999983450809
4,LTX051_Da328_idx2,1.06233256645312e-5,0.9999999995050287
4,LTX051_Da328_idx1,2.0258826016789173e-5,0.9999999975048776
4,LTX001_Da163_idx2,2.24516484317658e-5,0.9999999975082683
4,LTX073_Da196_idx3,1.4892782946741846e-5,0.9999999985270638
4,LTX049_Da334_idx1,2.0556423610396382e-5,0.9999999978915796
4,LTX049_Da1564_idx1,9.24870424781954e-6,0.9999999992582889
4,LTX082_Da1219_idx1,1.2568376571784191e-5,0.9999999991278139
4,LTX013_Da153_idx1,1.9188126570151292e-5,0.9999999978557984
4,LTX091_Da268_idx1,5.959876682055004e-6,0.9999999997132625
8,LTX145_Da211_idx3,1.0439431844937669e-5,0.9999999993741229
8,LTX051_Da2067_idx1,1.1937305822453649e-5,0.9999999990112051
8,LTX029_Da372_idx1,1.5830686422537198e-5,0.9999999988451305
8,LTX092_Da378_idx5,1.4822002088875188e-5,0.9999999985789557
8,LTX144_Da246_idx2,1.3221614634796007e-5,0.9999999983303298
8,LTX055_Da738_idx1,9.886284763884846e-6,0.9999999995115236
8,LTX102_Da672_idx2,2.03037265770139e-5,0.9999999973187957
8,LTX062_Da313_idx2,1.0049783454130564e-5,0.9999999991243732
8,LTX051_Da294_idx1,9.910103538948713e-6,0.9999999994177984
8,LTX051_Da1230_idx2,2.5881435924268307e-5,0.9999999958639256
8,LTX100_Da336_idx3,3.0217309343543256e-5,0.9999999936909816
8,LTX001_Da256_idx1,1.0856260251628008e-5,0.9999999993882049
8,LTX102_Da847_idx1,1.0605131407440562e-5,0.9999999992597338
8,LTX013_Da154_idx3,1.3329174821641083e-5,0.9999999987348369
8,LTX021_Da106_idx1,1.3037319827425527e-5,0.9999999992299823
8,LTX156_Da195_idx1,1.7714553131749246e-5,0.99999999801415
8,LTX100_Da336_idx2,1.3905329522872737e-5,0.9999999984134342
8,LTX145_Da318_idx1,1.5927393032897266e-5,0.9999999988686219
8,LTX001_Da107_idx1,2.7565775361798547e-5,0.9999999951330873
8,LTX055_Da2158_idx3,7.417492179354485e-6,0.9999999997429582
8,LTX108_Da1561_idx1,1.4428047334218501e-5,0.9999999989549522
8,LTX210_Da691_idx1,1.214859469666451e-5,0.9999999991551946
8,LTX055_Da1309_idx1,2.3274737781730394e-5,0.9999999968418483
8,LTX001_Da256_idx2,8.245697052246503e-6,0.9999999996356744
8,LTX051_Da435_idx2,2.030878552199473e-5,0.9999999983093789
8,LTX073_Da501_idx2,2.0289410081224595e-5,0.9999999982072311
8,LTX115_Da177_idx2,1.3066599179140326e-5,0.999999999259482
8,LTX049_Da1488_idx1,1.992009637092969e-5,0.9999999979157914
8,LTX051_Da2067_idx2,2.7818397677048247e-5,0.9999999955991743
8,LTX029_Da2340_idx1,1.5877460256286724e-5,0.9999999986055191
8,LTX145_Da318_idx4,8.415435074936925e-6,0.9999999996894516
8,LTX021_Da110_idx3,2.2827069667953135e-5,0.9999999971516356
8,LTX092_Da379_idx3,1.8621075830971202e-5,0.9999999983747955
8,LTX092_Da523_idx1,8.371454736100793e-6,0.999999999253809
8,LTX092_Da252_idx4,1.2559578702712039e-5,0.9999999992863776
8,LTX001_Da232_idx2,2.4775938461505246e-5,0.99999999537538
8,LTX185_Da363_idx3,1.3731403638668533e-5,0.9999999992524924
8,LTX079_Da50_idx2,2.3953378481852175e-5,0.9999999961361168
8,LTX082_Da161_idx3,2.646083567152007e-5,0.9999999965527923
8,LTX115_Da177_idx1,2.1354896646834183e-5,0.9999999969346272
8,LTX145_Da211_idx1,8.873485371608214e-6,0.9999999996670138
8,LTX102_Da564_idx2,1.8541208397463166e-6,0.9999999999853011
8,LTX091_Da355_idx3,1.543071602021121e-5,0.9999999984490257
8,LTX109_Da530_idx2,1.2420636231531853e-5,0.9999999991658207
8,LTX102_Da632_idx3,9.586783186726529e-6,0.9999999995774076
8,LTX210_Da508_idx1,7.262342347027096e-6,0.9999999994097315
8,LTX050_Da316_idx1,2.5845133294271394e-5,0.9999999964691427
8,LTX092_Da370_idx3,6.883404783559097e-6,0.9999999996364426
8,LTX092_Da523_idx2,3.082154431326317e-6,0.9999999999530269
8,LTX193_Da153_idx3,2.1244465627468906e-5,0.9999999979365528
8,LTX109_Da1569_idx2,2.764909583838967e-5,0.9999999949724423
8,LTX092_Da252_idx1,1.2169868154026156e-5,0.9999999993372961
8,LTX102_Da632_idx2,1.3602096612326549e-5,0.9999999989079643
8,LTX055_Da738_idx3,1.2852793951316294e-5,0.9999999990623251
8,LTX108_Da346_idx1,1.845903423400813e-5,0.9999999981550453
8,LTX092_Da104_idx3,1.4729272068943965e-5,0.9999999985270941
8,LTX050_Da261_idx1,1.178934805638378e-5,0.9999999990281856
8,LTX073_Da277_idx1,2.8191838618748695e-5,0.9999999954588707
8,LTX091_Da525_idx2,4.449405887927735e-6,0.9999999998974137
8,LTX013_Da153_idx3,1.7700292752613147e-5,0.9999999980170858
8,LTX021_Da110_idx1,2.3950651037849095e-5,0.999999996440031
8,LTX206_Da250_idx1,1.924496690853014e-5,0.99999999825569
8,LTX049_Da1488_idx2,1.4351297944953972e-5,0.9999999983974448
8,LTX092_Da252_idx3,1.2025493797777439e-5,0.9999999988204646
8,LTX073_Da1081_idx1,1.2814345926008746e-5,0.9999999987541153
8,LTX156_Da2042_idx2,2.337747691701964e-5,0.9999999967604316
8,LTX102_Da847_idx2,8.202154708373996e-6,0.99999999945969
8,LTX029_Da372_idx3,1.9168675037806773e-5,0.9999999983109479
8,LTX001_Da374_idx1,1.8446237678983607e-5,0.999999997537888
8,LTX051_Da1513_idx1,1.7473504654122568e-5,0.9999999976694345
8,LTX160_Da242_idx3,1.4815486082034823e-5,0.9999999983800363
8,LTX051_Da435_idx4,1.846986178956544e-5,0.9999999981336924
8,LTX055_Da409_idx2,1.4883241101517435e-5,0.9999999985468202
8,LTX021_Da211_idx3,1.1360838750746843e-5,0.9999999994027726
8,LTX001_Da256_idx4,2.5128137781059782e-5,0.9999999934472505
8,LTX049_Da134_idx1,1.358099862564941e-5,0.9999999988995214
8,LTX091_Da355_idx1,1.0839570645930456e-5,0.9999999994072707
8,LTX092_Da130_idx2,1.0223825107206238e-5,0.999999999469529
8,LTX102_Da610_idx3,2.3133092785112923e-5,0.9999999977711822
8,LTX156_Da195_idx2,1.8958176808550796e-5,0.9999999972398413
8,LTX102_Da610_idx2,5.795993676204631e-6,0.9999999997695158
8,LTX051_Da435_idx5,1.805442718169476e-5,0.9999999974996748
8,LTX013_Da148_idx2,3.1591983916888946e-5,0.9999999936725686
8,LTX092_Da524_idx2,2.475357202604384e-5,0.9999999967205562
8,LTX082_Da161_idx2,2.5168499458595657e-5,0.9999999948622567
8,LTX144_Da554_idx1,2.150258112732131e-5,0.9999999974800784
8,LTX206_Da250_idx3,2.2325018828820468e-5,0.9999999968629925
8,LTX051_Da328_idx3,1.9300372865584503e-5,0.9999999974859916
8,LTX102_Da672_idx1,1.8716971528422363e-5,0.9999999982887033
8,LTX051_Da328_idx2,2.1265131278310834e-5,0.9999999972567647
8,LTX051_Da328_idx1,2.3839831288597298e-5,0.9999999969236609
8,LTX001_Da163_idx2,2.3127095283182505e-5,0.9999999969015606
8,LTX073_Da196_idx3,2.50488977811417e-5,0.999999996622991
8,LTX049_Da334_idx1,1.621398289176213e-5,0.9999999981411483
8,LTX049_Da1564_idx1,1.3141000472473731e-5,0.9999999984283491
8,LTX082_Da1219_idx1,1.2278980592540986e-5,0.9999999990768828
8,LTX013_Da153_idx1,2.4077050695834385e-5,0.9999999972129074
8,LTX091_Da268_idx1,7.364634077659755e-6,0.9999999997717979
12,LTX145_Da211_idx3,8.434290712740531e-6,0.9999999996247229
12,LTX051_Da2067_idx1,1.0522508687672522e-5,0.9999999994117793
12,LTX029_Da372_idx1,2.0218156621468824e-5,0.9999999979795592
12,LTX092_Da378_idx5,1.7971925238947186e-5,0.9999999979827837
12,LTX144_Da246_idx2,2.3952288727154155e-5,0.9999999967516794
12,LTX055_Da738_idx1,2.2436330236180534e-5,0.999999996997316
12,LTX102_Da672_idx2,2.1770738690617674e-5,0.9999999968409476
12,LTX062_Da313_idx2,1.6769615231790424e-5,0.999999997186508
12,LTX051_Da294_idx1,7.602475274970853e-6,0.999999999653187
12,LTX051_Da1230_idx2,2.5193454852391562e-5,0.999999996149118
12,LTX100_Da336_idx3,2.92406926042916e-5,0.9999999960675003
12,LTX001_Da256_idx1,1.9499723515408654e-5,0.999999997717876
12,LTX102_Da847_idx1,1.0537580964373525e-5,0.9999999995102863
12,LTX013_Da154_idx3,1.8374911443246984e-5,0.9999999983537288
12,LTX021_Da106_idx1,1.0781050356715794e-5,0.9999999994740082
12,LTX156_Da195_idx1,1.4044713963223853e-5,0.9999999987080832
12,LTX100_Da336_idx2,1.2568247247028395e-5,0.9999999987278155
12,LTX145_Da318_idx1,1.750925191034951e-5,0.9999999977460239
12,LTX001_Da107_idx1,2.358978368768486e-5,0.9999999973049958
12,LTX055_Da2158_idx3,5.376282366100628e-6,0.9999999998721262
12,LTX108_Da1561_idx1,1.1271828473285134e-5,0.9999999990109201
12,LTX210_Da691_idx1,1.4571159183839279e-5,0.9999999986781103
12,LTX055_Da1309_idx1,2.1082183364630933e-5,0.9999999980371405
12,LTX001_Da256_idx2,2.356596820639381e-5,0.999999997161291
12,LTX051_Da435_idx2,2.3728145869664614e-5,0.9999999969546107
12,LTX073_Da501_idx2,1.5930016338834418e-5,0.9999999982326231
12,LTX115_Da177_idx2,1.6846517650257556e-5,0.999999997979905
12,LTX049_Da1488_idx1,1.6164257566298032e-5,0.9999999987467268
12,LTX051_Da2067_idx2,1.857463820905962e-5,0.9999999976150695
12,LTX029_Da2340_idx1,2.567551437766109e-5,0.9999999958514789
12,LTX145_Da318_idx4,5.6651879763617e-6,0.9999999998325636
12,LTX021_Da110_idx3,2.3500119223826916e-5,0.9999999969791427
12,LTX092_Da379_idx3,3.019753184594175e-5,0.9999999940536298
12,LTX092_Da523_idx1,9.1340441789251e-6,0.9999999995530032
12,LTX092_Da252_idx4,1.2530463083764994e-5,0.9999999988580379
12,LTX001_Da232_idx2,2.8659766493733865e-5,0.9999999932760741
12,LTX185_Da363_idx3,5.6740217815782985e-6,0.9999999998567907
12,LTX079_Da50_idx2,1.4829419178817802e-5,0.9999999989674322
12,LTX082_Da161_idx3,2.5019024348811896e-5,0.9999999960417437
12,LTX115_Da177_idx1,2.174052142761541e-5,0.9999999969128425
12,LTX145_Da211_idx1,1.1132383175472616e-5,0.9999999992928094
12,LTX102_Da564_idx2,2.84876593909175e-6,0.9999999999590419
12,LTX091_Da355_idx3,1.4937118699876122e-5,0.9999999987468032
12,LTX109_Da530_idx2,7.752442946924241e-6,0.999999999717806
12,LTX102_Da632_idx3,1.4822696230630865e-5,0.9999999990171762
12,LTX210_Da508_idx1,7.5002965692236274e-6,0.9999999995688171
12,LTX050_Da316_idx1,2.3182810330178273e-5,0.9999999959771699
12,LTX092_Da370_idx3,6.76946262622322e-6,0.9999999995427135
12,LTX092_Da523_idx2,2.2776068754961827e-6,0.9999999999738028
12,LTX193_Da153_idx3,2.28437167678692e-5,0.9999999960644864
12,LTX109_Da1569_idx2,1.1652961327982355e-5,0.9999999993103654
12,LTX092_Da252_idx1,1.0873978562473792e-5,0.9999999992220878
12,LTX102_Da632_idx2,2.292684891633741e-5,0.9999999972854918
12,LTX055_Da738_idx3,1.567476700610115e-5,0.9999999989436159
12,LTX108_Da346_idx1,1.820462295836813e-5,0.9999999979356766
12,LTX092_Da104_idx3,1.440523480525946e-5,0.9999999980389214
12,LTX050_Da261_idx1,1.4800456027779199e-5,0.9999999988572199
12,LTX073_Da277_idx1,1.2198160148911675e-5,0.999999999249368
12,LTX091_Da525_idx2,5.841249828342639e-6,0.99999999977377
12,LTX013_Da153_idx3,1.5841176302529395e-5,0.9999999983368505
12,LTX021_Da110_idx1,2.5375489405944055e-5,0.9999999949967332
12,LTX206_Da250_idx1,1.5773482945746267e-5,0.9999999986670872
12,LTX049_Da1488_idx2,1.1232559474757997e-5,0.9999999995740805
12,LTX092_Da252_idx3,1.3501000245161105e-5,0.9999999990961632
12,LTX073_Da1081_idx1,1.3080382839177469e-5,0.9999999991298709
12,LTX156_Da2042_idx2,3.334465037632063e-5,0.9999999931415425
12,LTX102_Da847_idx2,7.938424150027327e-6,0.9999999993719507
12,LTX029_Da372_idx3,2.737795342172219e-5,0.9999999958002692
12,LTX001_Da374_idx1,2.1637686078836707e-5,0.9999999968896495
12,LTX051_Da1513_idx1,1.840699507684569e-5,0.9999999983841908
12,LTX160_Da242_idx3,1.548067194744255e-5,0.9999999983552987
12,LTX051_Da435_idx4,1.341825718610073e-5,0.9999999991348392
12,LTX055_Da409_idx2,1.6858196211944743e-5,0.999999998356229
12,LTX021_Da211_idx3,1.2516951361061797e-5,0.9999999989533817
12,LTX001_Da256_idx4,1.3099172229117396e-5,0.9999999988897647
12,LTX049_Da134_idx1,1.4283021445931269e-5,0.9999999990656093
12,LTX091_Da355_idx1,1.3368314240177273e-5,0.9999999991793439
12,LTX092_Da130_idx2,8.722361657378242e-6,0.9999999994752481
12,LTX102_Da610_idx3,1.2460709246715551e-5,0.9999999987851246
12,LTX156_Da195_idx2,1.0688233140895207e-5,0.9999999990674882
12,LTX102_Da610_idx2,6.206113742974781e-6,0.99999999986517
12,LTX051_Da435_idx5,1.1006976777324635e-5,0.9999999995782545
12,LTX013_Da148_idx2,2.73115689453254e-5,0.9999999953789004
12,LTX092_Da524_idx2,1.240989219784377e-5,0.9999999989115734
12,LTX082_Da161_idx2,2.1990374815657682e-5,0.9999999961430713
12,LTX144_Da554_idx1,1.6921468426941915e-5,0.9999999981982751
12,LTX206_Da250_idx3,2.929391521102522e-5,0.999999996325843
12,LTX051_Da328_idx3,2.2509865747465373e-5,0.9999999976100414
12,LTX102_Da672_idx1,1.4458577343326892e-5,0.9999999991645919
12,LTX051_Da328_idx2,1.4209292086482783e-5,0.9999999983639435
12,LTX051_Da328_idx1,1.9866511050979888e-5,0.9999999971494831
12,LTX001_Da163_idx2,3.340859287106545e-5,0.9999999922680652
12,LTX073_Da196_idx3,1.7843912675197985e-5,0.999999997942152
12,LTX049_Da334_idx1,1.4529548213955938e-5,0.9999999986312605
12,LTX049_Da1564_idx1,3.702455078217393e-6,0.9999999999330339
12,LTX082_Da1219_idx1,1.1999650400187072e-5,0.999999999024013
12,LTX013_Da153_idx1,2.8142231778367264e-5,0.9999999964568141
12,LTX091_Da268_idx1,7.90122908152721e-6,0.9999999997037261
16,LTX145_Da211_idx3,8.98726155913042e-6,0.9999999995854743
16,LTX051_Da2067_idx1,8.872272943781064e-6,0.9999999995576591
16,LTX029_Da372_idx1,2.120331770806666e-5,0.9999999967132
16,LTX092_Da378_idx5,1.686267621178176e-5,0.9999999980358822
16,LTX144_Da246_idx2,1.9890687045006987e-5,0.9999999967352806
16,LTX055_Da738_idx1,1.0457190646560762e-5,0.999999999152721
16,LTX102_Da672_idx2,2.307782344583472e-5,0.9999999972443098
16,LTX062_Da313_idx2,1.331271084406073e-5,0.9999999978042982
16,LTX051_Da294_idx1,6.8645562301123625e-6,0.9999999996715965
16,LTX051_Da1230_idx2,1.5114284022251723e-5,0.9999999991010893
16,LTX100_Da336_idx3,3.2097865081782584e-5,0.9999999946657347
16,LTX001_Da256_idx1,1.007210941831392e-5,0.9999999992344527
16,LTX102_Da847_idx1,1.1604062456500334e-5,0.9999999990746947
16,LTX013_Da154_idx3,1.713310649502026e-5,0.9999999982277333
16,LTX021_Da106_idx1,8.31487395890688e-6,0.9999999996293399
16,LTX156_Da195_idx1,1.998079209438784e-5,0.9999999976370307
16,LTX100_Da336_idx2,1.0354524930654137e-5,0.9999999987180985
16,LTX145_Da318_idx1,2.417798456745846e-5,0.9999999964593878
16,LTX001_Da107_idx1,2.439760891670476e-5,0.9999999950828773
16,LTX055_Da2158_idx3,1.4277090073582266e-5,0.9999999992045933
16,LTX108_Da1561_idx1,2.3473418289808688e-5,0.9999999957646705
16,LTX210_Da691_idx1,1.3350127739536111e-5,0.9999999991193576
16,LTX055_Da1309_idx1,2.779339618178356e-5,0.9999999964384442
16,LTX001_Da256_idx2,2.1754529220732252e-5,0.9999999971372899
16,LTX051_Da435_idx2,2.242029614336874e-5,0.9999999948875413
16,LTX073_Da501_idx2,1.747620428567006e-5,0.9999999975378572
16,LTX115_Da177_idx2,1.5641654259946145e-5,0.9999999980994753
16,LTX049_Da1488_idx1,1.2368446844272954e-5,0.9999999983093337
16,LTX051_Da2067_idx2,1.7531135289528284e-5,0.9999999980361932
16,LTX029_Da2340_idx1,2.3880295195095386e-5,0.9999999961806091
16,LTX145_Da318_idx4,8.647626726830298e-6,0.999999999594382
16,LTX021_Da110_idx3,1.549326353494704e-5,0.9999999988102353
16,LTX092_Da379_idx3,1.3010976686943645e-5,0.99999999924598
16,LTX092_Da523_idx1,6.556821836376699e-6,0.9999999994809698
16,LTX092_Da252_idx4,8.24922995598766e-6,0.9999999995022476
16,LTX001_Da232_idx2,1.6409885578559962e-5,0.9999999983504193
16,LTX185_Da363_idx3,1.6447946064302115e-5,0.9999999988275278
16,LTX079_Da50_idx2,1.3141322956789365e-5,0.9999999990235079
16,LTX082_Da161_idx3,1.9781513271523254e-5,0.9999999982634616
16,LTX115_Da177_idx1,2.087592650582902e-5,0.9999999967705869
16,LTX145_Da211_idx1,8.965685219637014e-6,0.9999999994682279
16,LTX102_Da564_idx2,2.8543102606638132e-6,0.9999999999488557
16,LTX091_Da355_idx3,1.5593886115282907e-5,0.9999999985250423
16,LTX109_Da530_idx2,1.239587575788778e-5,0.9999999991707184
16,LTX102_Da632_idx3,1.3913730929793125e-5,0.9999999990284704
16,LTX210_Da508_idx1,8.128807198933587e-6,0.9999999995585407
16,LTX050_Da316_idx1,2.681678312821229e-5,0.9999999958726817
16,LTX092_Da370_idx3,6.34605714099518e-6,0.9999999996738009
16,LTX092_Da523_idx2,3.5456021908372697e-6,0.9999999999158743
16,LTX193_Da153_idx3,2.1648141913396582e-5,0.9999999966743054
16,LTX109_Da1569_idx2,1.2085512373986311e-5,0.9999999994525394
16,LTX092_Da252_idx1,1.753919235241035e-5,0.9999999987393897
16,LTX102_Da632_idx2,1.9264015321791386e-5,0.9999999979609985
16,LTX055_Da738_idx3,1.6913537806374222e-5,0.9999999985149333
16,LTX108_Da346_idx1,1.2580600528998367e-5,0.9999999988285598
16,LTX092_Da104_idx3,1.8899689156144775e-5,0.9999999977636648
16,LTX050_Da261_idx1,1.8617366410280526e-5,0.9999999981089097
16,LTX073_Da277_idx1,3.1402806311417355e-5,0.999999994351101
16,LTX091_Da525_idx2,6.212958601902959e-6,0.9999999997408855
16,LTX013_Da153_idx3,1.8083853166774305e-5,0.9999999977485853
16,LTX021_Da110_idx1,2.727433024960119e-5,0.9999999951634251
16,LTX206_Da250_idx1,1.4405395853742787e-5,0.9999999991144284
16,LTX049_Da1488_idx2,1.278426952824913e-5,0.999999998698768
16,LTX092_Da252_idx3,1.8509323101972232e-5,0.9999999984587598
16,LTX073_Da1081_idx1,1.8366519532013757e-5,0.9999999973479231
16,LTX156_Da2042_idx2,2.167274187400388e-5,0.9999999973108977
16,LTX102_Da847_idx2,1.356929903222345e-5,0.9999999987171034
16,LTX029_Da372_idx3,1.3945771791463e-5,0.9999999989829242
16,LTX001_Da374_idx1,2.2266036469396584e-5,0.9999999980689561
16,LTX051_Da1513_idx1,3.1501552569534185e-5,0.9999999953129485
16,LTX160_Da242_idx3,1.6606312068504823e-5,0.9999999971704634
16,LTX051_Da435_idx4,1.781139069318228e-5,0.9999999985526958
16,LTX055_Da409_idx2,1.9591484192173788e-5,0.999999997985799
16,LTX021_Da211_idx3,1.4876495306483665e-5,0.9999999987794637
16,LTX001_Da256_idx4,2.6182755494182955e-5,0.9999999947491479
16,LTX049_Da134_idx1,1.456236304734396e-5,0.9999999986865962
16,LTX091_Da355_idx1,9.375668983610669e-6,0.999999999127424
16,LTX092_Da130_idx2,1.836130759673267e-5,0.9999999977309563
16,LTX102_Da610_idx3,2.2849253660647823e-5,0.999999997270588
16,LTX156_Da195_idx2,1.9234380530566495e-5,0.9999999972369292
16,LTX102_Da610_idx2,6.433298915756665e-6,0.999999999770412
16,LTX051_Da435_idx5,1.7431482263303774e-5,0.9999999985379621
16,LTX013_Da148_idx2,3.28571107902714e-5,0.9999999928586906
16,LTX092_Da524_idx2,2.213832090700273e-5,0.9999999973887591
16,LTX082_Da161_idx2,2.274777024241909e-5,0.9999999962303986
16,LTX144_Da554_idx1,1.396918284081994e-5,0.9999999981310438
16,LTX206_Da250_idx3,1.1428246696766622e-5,0.9999999994382367
16,LTX051_Da328_idx3,2.3295716617735872e-5,0.9999999966408893
16,LTX102_Da672_idx1,2.449206258826312e-5,0.9999999968707857
16,LTX051_Da328_idx2,9.16540302785128e-6,0.9999999993853712
16,LTX051_Da328_idx1,1.8130733921921217e-5,0.9999999974605898
16,LTX001_Da163_idx2,2.9256684781962128e-5,0.9999999946757318
16,LTX073_Da196_idx3,1.324862379629386e-5,0.9999999987938459
16,LTX049_Da334_idx1,1.9538029531329173e-5,0.9999999982530059
16,LTX049_Da1564_idx1,1.5112438259690866e-5,0.9999999981406096
16,LTX082_Da1219_idx1,1.2028852374136887e-5,0.9999999990192308
16,LTX013_Da153_idx1,1.9994468081622797e-5,0.9999999970825312
16,LTX091_Da268_idx1,1.4612420386263625e-5,0.9999999988241217
20,LTX145_Da211_idx3,8.975901892168374e-6,0.9999999996130094
20,LTX051_Da2067_idx1,9.80310388581608e-6,0.9999999990160546
20,LTX029_Da372_idx1,1.4570532608074307e-5,0.9999999989712675
20,LTX092_Da378_idx5,1.92643327211192e-5,0.9999999978570426
20,LTX144_Da246_idx2,2.7133226892574318e-5,0.9999999949859819
20,LTX055_Da738_idx1,1.4984354813187988e-5,0.9999999985327384
20,LTX102_Da672_idx2,2.2320278332208602e-5,0.9999999964472441
20,LTX062_Da313_idx2,1.2811149813410367e-5,0.999999998766582
20,LTX051_Da294_idx1,8.276864543808913e-6,0.9999999996301967
20,LTX051_Da1230_idx2,2.9026553422791426e-5,0.9999999955985678
20,LTX100_Da336_idx3,2.9358229990051193e-5,0.999999994115794
20,LTX001_Da256_idx1,1.659092412131362e-5,0.9999999972956007
20,LTX102_Da847_idx1,1.0983618743339067e-5,0.999999999143784
20,LTX013_Da154_idx3,1.3137876508334571e-5,0.999999999069165
20,LTX021_Da106_idx1,1.1085451998290326e-5,0.9999999991059713
20,LTX156_Da195_idx1,1.6988373829677958e-5,0.9999999982394027
20,LTX100_Da336_idx2,1.2947064310066797e-5,0.9999999984826324
20,LTX145_Da318_idx1,1.8212849068733647e-5,0.9999999975091771
20,LTX001_Da107_idx1,2.432414183911137e-5,0.9999999971433607
20,LTX055_Da2158_idx3,1.3286597444564759e-5,0.9999999988096377
20,LTX108_Da1561_idx1,1.9943168644159945e-5,0.9999999972988407
20,LTX210_Da691_idx1,1.4454301984483117e-5,0.9999999987053713
20,LTX055_Da1309_idx1,2.0708685655586153e-5,0.9999999969760789
20,LTX001_Da256_idx2,1.844368970684294e-5,0.9999999978657822
20,LTX051_Da435_idx2,9.335718330371444e-6,0.9999999997093957
20,LTX073_Da501_idx2,2.441890585541133e-5,0.9999999968480252
20,LTX115_Da177_idx2,1.0228895776197141e-5,0.9999999993445656
20,LTX049_Da1488_idx1,2.373265778806426e-5,0.9999999957524728
20,LTX051_Da2067_idx2,1.940370208384827e-5,0.9999999967019927
20,LTX029_Da2340_idx1,2.618987396989698e-5,0.9999999944362044
20,LTX145_Da318_idx4,9.302172737243825e-6,0.9999999995252178
20,LTX021_Da110_idx3,1.456258880960477e-5,0.999999999048663
20,LTX092_Da379_idx3,1.3198799303814616e-5,0.9999999993722575
20,LTX092_Da523_idx1,7.1678591365919875e-6,0.9999999996305406
20,LTX092_Da252_idx4,8.585536344959197e-6,0.9999999996845007
20,LTX001_Da232_idx2,2.1358277172849293e-5,0.9999999967304667
20,LTX185_Da363_idx3,1.3350589866100915e-5,0.9999999990714575
20,LTX079_Da50_idx2,1.512460778999544e-5,0.9999999988167829
20,LTX082_Da161_idx3,1.842210912393293e-5,0.999999998646448
20,LTX115_Da177_idx1,2.1657414488065204e-5,0.9999999975923882
20,LTX145_Da211_idx1,8.405502412915426e-6,0.9999999996664597
20,LTX102_Da564_idx2,1.9024527894345073e-6,0.9999999999703781
20,LTX091_Da355_idx3,1.5000443819949557e-5,0.999999998702589
20,LTX109_Da530_idx2,1.0891628149778838e-5,0.9999999990187366
20,LTX102_Da632_idx3,1.0549150146272745e-5,0.9999999994765776
20,LTX210_Da508_idx1,9.618543452009832e-6,0.9999999993710421
20,LTX050_Da316_idx1,2.7292011460150505e-5,0.9999999968967883
20,LTX092_Da370_idx3,7.87645560922936e-6,0.9999999993017548
20,LTX092_Da523_idx2,6.007406279548616e-6,0.9999999998109281
20,LTX193_Da153_idx3,2.328996618873358e-5,0.9999999962037365
20,LTX109_Da1569_idx2,2.5436117560721535e-5,0.9999999964642958
20,LTX092_Da252_idx1,1.4419432525025976e-5,0.9999999990937809
20,LTX102_Da632_idx2,1.4642907136837631e-5,0.9999999990700164
20,LTX055_Da738_idx3,1.2868509856835602e-5,0.9999999991034985
20,LTX108_Da346_idx1,1.5890991831251415e-5,0.9999999987070842
20,LTX092_Da104_idx3,1.7567634000394576e-5,0.9999999986209355
20,LTX050_Da261_idx1,1.3902273594582086e-5,0.999999998657562
20,LTX073_Da277_idx1,2.4396447283078317e-5,0.9999999962595822
20,LTX091_Da525_idx2,5.746985234234492e-6,0.9999999997724893
20,LTX013_Da153_idx3,1.2066895866926804e-5,0.9999999992353673
20,LTX021_Da110_idx1,2.1539822997810003e-5,0.9999999965417132
20,LTX206_Da250_idx1,1.69892962377639e-5,0.9999999988362043
20,LTX049_Da1488_idx2,2.055149665066136e-5,0.9999999980531455
20,LTX092_Da252_idx3,1.072980212297603e-5,0.999999999359606
20,LTX073_Da1081_idx1,1.5565983829712655e-5,0.9999999979312042
20,LTX156_Da2042_idx2,2.047504655670381e-5,0.9999999976144741
20,LTX102_Da847_idx2,9.236886828475078e-6,0.9999999992503871
20,LTX029_Da372_idx3,2.8747577295073515e-5,0.9999999953088249
20,LTX001_Da374_idx1,3.4683054450588996e-5,0.9999999921794156
20,LTX051_Da1513_idx1,2.2363577182820973e-5,0.9999999970110564
20,LTX160_Da242_idx3,1.7731366982177706e-5,0.9999999971596725
20,LTX051_Da435_idx4,1.1362723852789793e-5,0.9999999993444811
20,LTX055_Da409_idx2,1.6815100204731266e-5,0.9999999982604156
20,LTX021_Da211_idx3,1.6246602833750573e-5,0.9999999987026623
20,LTX001_Da256_idx4,4.039365933152163e-5,0.99999998604121
20,LTX049_Da134_idx1,1.3833181666158954e-5,0.9999999991318947
20,LTX091_Da355_idx1,2.3843619443573596e-5,0.9999999966503637
20,LTX092_Da130_idx2,7.1597075633688115e-6,0.9999999996440749
20,LTX102_Da610_idx3,2.0471952072825933e-5,0.9999999975302353
20,LTX156_Da195_idx2,1.514314361660673e-5,0.9999999989890865
20,LTX102_Da610_idx2,1.0547776918847548e-5,0.9999999991428171
20,LTX051_Da435_idx5,1.4679006853071392e-5,0.9999999975292121
20,LTX013_Da148_idx2,2.4479507062589424e-5,0.9999999966040864
20,LTX092_Da524_idx2,1.7936599588264454e-5,0.9999999981689166
20,LTX082_Da161_idx2,2.2854251682747775e-5,0.9999999961458909
20,LTX144_Da554_idx1,2.0683002530492622e-5,0.9999999977801391
20,LTX206_Da250_idx3,1.75706500038432e-5,0.9999999986377281
20,LTX051_Da328_idx3,1.742752718170511e-5,0.9999999984331055
20,LTX102_Da672_idx1,1.592709359239504e-5,0.9999999987717837
20,LTX051_Da328_idx2,1.0038756599284725e-5,0.9999999994806794
20,LTX051_Da328_idx1,1.6699960362218146e-5,0.9999999981397113
20,LTX001_Da163_idx2,2.4215626800266334e-5,0.9999999964812545
20,LTX073_Da196_idx3,1.4938034995909104e-5,0.9999999982350499
20,LTX049_Da334_idx1,1.5129212179497852e-5,0.9999999982958815
20,LTX049_Da1564_idx1,1.365320107041371e-5,0.9999999987898442
20,LTX082_Da1219_idx1,1.2003750526110212e-5,0.9999999990229592
20,LTX013_Da153_idx1,2.2084683294493785e-5,0.9999999974021156
20,LTX091_Da268_idx1,6.6007741366120675e-6,0.9999999997481666
24,LTX145_Da211_idx3,6.5883636102255185e-6,0.9999999997254815
24,LTX051_Da2067_idx1,1.230670691369232e-5,0.9999999986905774
24,LTX029_Da372_idx1,2.734870763271787e-5,0.9999999954744707
24,LTX092_Da378_idx5,2.1565069649174185e-5,0.9999999972456437
24,LTX144_Da246_idx2,2.549487504242099e-5,0.9999999941295148
24,LTX055_Da738_idx1,9.348791318588564e-6,0.999999999484308
24,LTX102_Da672_idx2,1.8730911140433405e-5,0.999999997925596
24,LTX062_Da313_idx2,1.9377210431155683e-5,0.9999999962301651
24,LTX051_Da294_idx1,7.633907686780333e-6,0.9999999994939702
24,LTX051_Da1230_idx2,2.169542959421834e-5,0.9999999972698259
24,LTX100_Da336_idx3,3.777726592608608e-5,0.9999999920365978
24,LTX001_Da256_idx1,1.5578334671245848e-5,0.9999999983903766
24,LTX102_Da847_idx1,2.1437983738157955e-5,0.9999999969767401
24,LTX013_Da154_idx3,1.4281144690314408e-5,0.9999999988215583
24,LTX021_Da106_idx1,1.2760426726862545e-5,0.999999999288232
24,LTX156_Da195_idx1,1.1629567871676294e-5,0.9999999990487858
24,LTX100_Da336_idx2,9.37504394656633e-6,0.9999999993885359
24,LTX145_Da318_idx1,1.8110463110568436e-5,0.999999998732776
24,LTX001_Da107_idx1,3.241217549549194e-5,0.9999999924000943
24,LTX055_Da2158_idx3,1.1233829602334446e-5,0.9999999993956482
24,LTX108_Da1561_idx1,9.015929347831566e-6,0.999999999460167
24,LTX210_Da691_idx1,1.7643406207765826e-5,0.9999999985750236
24,LTX055_Da1309_idx1,2.234802187380784e-5,0.9999999966089065
24,LTX001_Da256_idx2,1.5127834886357555e-5,0.9999999984688995
24,LTX051_Da435_idx2,1.8903951372081465e-5,0.9999999974229854
24,LTX073_Da501_idx2,1.8211440115054473e-5,0.9999999976805249
24,LTX115_Da177_idx2,1.0792990886809858e-5,0.9999999995280723
24,LTX049_Da1488_idx1,1.3890376038880269e-5,0.9999999983135024
24,LTX051_Da2067_idx2,2.842684901271018e-5,0.9999999947459286
24,LTX029_Da2340_idx1,2.4872044980124116e-5,0.9999999963094459
24,LTX145_Da318_idx4,8.663514963577685e-6,0.9999999993752265
24,LTX021_Da110_idx3,1.582151355325017e-5,0.9999999984313851
24,LTX092_Da379_idx3,1.9103135082470017e-5,0.9999999979768575
24,LTX092_Da523_idx1,4.177666978545795e-6,0.9999999998703061
24,LTX092_Da252_idx4,1.3487092675407058e-5,0.9999999985970853
24,LTX001_Da232_idx2,2.7039451731494336e-5,0.9999999932359593
24,LTX185_Da363_idx3,6.021843457050711e-6,0.9999999996670402
24,LTX079_Da50_idx2,1.8063381810133907e-5,0.9999999980793176
24,LTX082_Da161_idx3,1.4242200891966469e-5,0.9999999986376008
24,LTX115_Da177_idx1,1.8145925369274805e-5,0.9999999984002502
24,LTX145_Da211_idx1,1.1865216147769792e-5,0.9999999992610944
24,LTX102_Da564_idx2,5.571797037305837e-6,0.9999999998538719
24,LTX091_Da355_idx3,1.5152677564315186e-5,0.999999998451151
24,LTX109_Da530_idx2,9.057592668518725e-6,0.9999999994162764
24,LTX102_Da632_idx3,9.18684930358794e-6,0.9999999993373296
24,LTX210_Da508_idx1,5.515256424734848e-6,0.9999999996673807
24,LTX050_Da316_idx1,2.938708034396861e-5,0.9999999956143791
24,LTX092_Da370_idx3,6.4135555632002485e-6,0.9999999997421486
24,LTX092_Da523_idx2,4.0705750618595865e-6,0.9999999998988749
24,LTX193_Da153_idx3,2.295569572769616e-5,0.9999999966909755
24,LTX109_Da1569_idx2,3.403900590013814e-5,0.9999999931005772
24,LTX092_Da252_idx1,1.3565412091174377e-5,0.9999999989272444
24,LTX102_Da632_idx2,1.1367852613516943e-5,0.9999999993602425
24,LTX055_Da738_idx3,1.7735095228818035e-5,0.9999999982508814
24,LTX108_Da346_idx1,6.5777238806389e-6,0.9999999998282004
24,LTX092_Da104_idx3,1.581445770253238e-5,0.9999999987493766
24,LTX050_Da261_idx1,1.4800704677760976e-5,0.999999998919969
24,LTX073_Da277_idx1,4.3508326583792206e-5,0.9999999907434761
24,LTX091_Da525_idx2,5.920759311493844e-6,0.9999999997913543
24,LTX013_Da153_idx3,1.6782051115981036e-5,0.9999999981971748
24,LTX021_Da110_idx1,2.003575943349197e-5,0.9999999973906865
24,LTX206_Da250_idx1,1.2689499277030087e-5,0.9999999992695282
24,LTX049_Da1488_idx2,1.807354517840233e-5,0.9999999981843124
24,LTX092_Da252_idx3,1.3647578643992388e-5,0.9999999989385634
24,LTX073_Da1081_idx1,1.821262439429908e-5,0.9999999974286401
24,LTX156_Da2042_idx2,2.2186146255248923e-5,0.9999999973059319
24,LTX102_Da847_idx2,1.4294002277946565e-5,0.9999999985828165
24,LTX029_Da372_idx3,2.63650883077892e-5,0.999999996366922
24,LTX001_Da374_idx1,2.315234971438199e-5,0.9999999968669662
24,LTX051_Da1513_idx1,1.9300804035671164e-5,0.9999999974825965
24,LTX160_Da242_idx3,1.3449893961095211e-5,0.9999999989436884
24,LTX051_Da435_idx4,1.7179558105686367e-5,0.99999999814843
24,LTX055_Da409_idx2,1.580879900269099e-5,0.9999999983804676
24,LTX021_Da211_idx3,1.2363768366997564e-5,0.9999999992768833
24,LTX001_Da256_idx4,2.573933776310667e-5,0.9999999943318403
24,LTX049_Da134_idx1,1.2869171585652049e-5,0.9999999992225571
24,LTX091_Da355_idx1,1.212958535166243e-5,0.9999999992443966
24,LTX092_Da130_idx2,8.120040376369664e-6,0.9999999996075029
24,LTX102_Da610_idx3,1.2316951145165694e-5,0.9999999992459988
24,LTX156_Da195_idx2,1.2751095749967807e-5,0.9999999992787193
24,LTX102_Da610_idx2,1.0462352397525016e-5,0.9999999991276869
24,LTX051_Da435_idx5,1.6995238210469324e-5,0.9999999965542017
24,LTX013_Da148_idx2,2.779939133517935e-5,0.99999999537141
24,LTX092_Da524_idx2,1.942171820188036e-5,0.9999999970972067
24,LTX082_Da161_idx2,2.6196696422988045e-5,0.9999999948029273
24,LTX144_Da554_idx1,1.542405750780505e-5,0.9999999987377177
24,LTX206_Da250_idx3,2.02497420234912e-5,0.999999996862802
24,LTX051_Da328_idx3,2.2877075316413985e-5,0.9999999968499815
24,LTX102_Da672_idx1,2.5424035472132128e-5,0.9999999957717371
24,LTX051_Da328_idx2,1.023616325608695e-5,0.9999999993766252
24,LTX051_Da328_idx1,1.3555456185008298e-5,0.9999999991092475
24,LTX001_Da163_idx2,3.0457914402544287e-5,0.9999999940052555
24,LTX073_Da196_idx3,2.0736916424472342e-5,0.9999999977580731
24,LTX049_Da334_idx1,1.7944374937988042e-5,0.9999999985656524
24,LTX049_Da1564_idx1,1.3018122053989399e-5,0.9999999985983411
24,LTX082_Da1219_idx1,1.2001401209698738e-5,0.9999999990234663
24,LTX013_Da153_idx1,2.3373143105203863e-5,0.9999999975094689
24,LTX091_Da268_idx1,1.4270192545079833e-5,0.9999999985759979
28,LTX145_Da211_idx3,8.941437624019874e-6,0.999999999588793
28,LTX051_Da2067_idx1,6.053937111110404e-6,0.9999999997844049
28,LTX029_Da372_idx1,3.149406410511754e-5,0.9999999908343866
28,LTX092_Da378_idx5,1.4838342829033189e-5,0.9999999989797891
28,LTX144_Da246_idx2,2.3209104526101988e-5,0.9999999952601705
28,LTX055_Da738_idx1,1.589256530201111e-5,0.9999999983691876
28,LTX102_Da672_idx2,2.0945385438826882e-5,0.9999999980981882
28,LTX062_Da313_idx2,2.115627356242213e-5,0.9999999956549643
28,LTX051_Da294_idx1,1.3730845331841756e-5,0.9999999989135475
28,LTX051_Da1230_idx2,1.9013189677448087e-5,0.9999999984492424
28,LTX100_Da336_idx3,3.099112587432793e-5,0.9999999934705527
28,LTX001_Da256_idx1,1.8572402608731748e-5,0.9999999975344673
28,LTX102_Da847_idx1,1.1919192414050451e-5,0.9999999993467839
28,LTX013_Da154_idx3,1.844947799667485e-5,0.9999999975786984
28,LTX021_Da106_idx1,1.2156623805197713e-5,0.999999999308248
28,LTX156_Da195_idx1,1.716737126665784e-5,0.9999999986432357
28,LTX100_Da336_idx2,1.7798683539021095e-5,0.9999999969476494
28,LTX145_Da318_idx1,1.9430196017673544e-5,0.99999999770838
28,LTX001_Da107_idx1,2.7466073729469478e-5,0.9999999957425743
28,LTX055_Da2158_idx3,1.4154091835402173e-5,0.999999998895295
28,LTX108_Da1561_idx1,1.5048996365379358e-5,0.9999999990170437
28,LTX210_Da691_idx1,1.2148235145921714e-5,0.9999999991258816
28,LTX055_Da1309_idx1,2.5426227984479074e-5,0.9999999969731479
28,LTX001_Da256_idx2,2.4481607608133693e-5,0.9999999960924781
28,LTX051_Da435_idx2,1.477507638071064e-5,0.9999999989961961
28,LTX073_Da501_idx2,1.5358801221354756e-5,0.9999999982258627
28,LTX115_Da177_idx2,1.1113450020311531e-5,0.999999999443854
28,LTX049_Da1488_idx1,1.7318407465146035e-5,0.999999998302664
28,LTX051_Da2067_idx2,2.3686948584174232e-5,0.9999999969700519
28,LTX029_Da2340_idx1,2.375919812919798e-5,0.9999999957927181
28,LTX145_Da318_idx4,9.121554421472627e-6,0.9999999994505292
28,LTX021_Da110_idx3,1.7121840091993272e-5,0.9999999983854333
28,LTX092_Da379_idx3,1.8338419167930935e-5,0.9999999978800591
28,LTX092_Da523_idx1,5.617797777692983e-6,0.9999999998277872
28,LTX092_Da252_idx4,1.29042261253082e-5,0.9999999989246728
28,LTX001_Da232_idx2,2.497602024914663e-5,0.9999999949821538
28,LTX185_Da363_idx3,9.66541659700481e-6,0.999999999418549
28,LTX079_Da50_idx2,1.3287821460175413e-5,0.9999999990857495
28,LTX082_Da161_idx3,1.3626964564010029e-5,0.9999999990916857
28,LTX115_Da177_idx1,1.3287253010473e-5,0.9999999988524246
28,LTX145_Da211_idx1,1.1368925900104624e-5,0.999999999033748
28,LTX102_Da564_idx2,3.043689800005745e-6,0.9999999999582323
28,LTX091_Da355_idx3,1.8319023093478764e-5,0.9999999978039835
28,LTX109_Da530_idx2,9.965030861660556e-6,0.9999999993587565
28,LTX102_Da632_idx3,1.2390835193703037e-5,0.9999999991645596
28,LTX210_Da508_idx1,6.7019842492889e-6,0.9999999997084822
28,LTX050_Da316_idx1,2.9023866855350186e-5,0.9999999922163031
28,LTX092_Da370_idx3,9.120629703097927e-6,0.9999999990333609
28,LTX092_Da523_idx2,4.507934188810546e-6,0.9999999998793786
28,LTX193_Da153_idx3,2.1837734452408973e-5,0.9999999968477369
28,LTX109_Da1569_idx2,2.8083417286517174e-5,0.9999999935759135
28,LTX092_Da252_idx1,1.5412343973948436e-5,0.9999999991327411
28,LTX102_Da632_idx2,1.557416067715197e-5,0.9999999984508782
28,LTX055_Da738_idx3,2.0192832050286085e-5,0.9999999967194491
28,LTX108_Da346_idx1,8.102450612514199e-6,0.9999999996603173
28,LTX092_Da104_idx3,2.2526630816947917e-5,0.9999999957474017
28,LTX050_Da261_idx1,1.4559422394815545e-5,0.9999999985516351
28,LTX073_Da277_idx1,3.0027594131304903e-5,0.9999999960803294
28,LTX091_Da525_idx2,5.9305286180154216e-6,0.9999999997871725
28,LTX013_Da153_idx3,1.846185586202656e-5,0.999999997529775
28,LTX021_Da110_idx1,1.8866220255396924e-5,0.9999999974514789
28,LTX206_Da250_idx1,1.8670842010988452e-5,0.9999999979938972
28,LTX049_Da1488_idx2,1.892394867156831e-5,0.9999999978219029
28,LTX092_Da252_idx3,2.1274750695894848e-5,0.9999999968987561
28,LTX073_Da1081_idx1,1.6471079188141272e-5,0.9999999975162206
28,LTX156_Da2042_idx2,2.2136841280738354e-5,0.9999999972345026
28,LTX102_Da847_idx2,1.1196677229513993e-5,0.9999999992024826
28,LTX029_Da372_idx3,1.6235335240857596e-5,0.9999999985683723
28,LTX001_Da374_idx1,2.392252294746615e-5,0.9999999951463505
28,LTX051_Da1513_idx1,1.7945452554227008e-5,0.9999999977598634
28,LTX160_Da242_idx3,1.309044743767797e-5,0.9999999985681243
28,LTX051_Da435_idx4,2.3239934786708366e-5,0.999999996416474
28,LTX055_Da409_idx2,1.8956310643749503e-5,0.999999997832268
28,LTX021_Da211_idx3,1.5090791105843917e-5,0.9999999990886992
28,LTX001_Da256_idx4,2.9130890717613396e-5,0.9999999943666091
28,LTX049_Da134_idx1,1.308994726185167e-5,0.9999999990546042
28,LTX091_Da355_idx1,9.742241101402624e-6,0.9999999990898161
28,LTX092_Da130_idx2,1.252097823978047e-5,0.9999999990509403
28,LTX102_Da610_idx3,2.2206507373869485e-5,0.9999999968931393
28,LTX156_Da195_idx2,1.5834892511614878e-5,0.999999998721025
28,LTX102_Da610_idx2,1.0276720391534962e-5,0.9999999993790749
28,LTX051_Da435_idx5,1.2301595760792295e-5,0.9999999990907518
28,LTX013_Da148_idx2,1.811878363987904e-5,0.9999999985535891
28,LTX092_Da524_idx2,2.1971311043366146e-5,0.9999999968046996
28,LTX082_Da161_idx2,2.2022829757232033e-5,0.999999996836371
28,LTX144_Da554_idx1,1.8977925372518106e-5,0.9999999974794065
28,LTX206_Da250_idx3,2.9325644961390418e-5,0.9999999935435936
28,LTX051_Da328_idx3,2.6503226581189324e-5,0.999999995878988
28,LTX102_Da672_idx1,1.406520592376585e-5,0.9999999991258073
28,LTX051_Da328_idx2,1.2800924277571039e-5,0.9999999988814358
28,LTX051_Da328_idx1,1.9164564496073354e-5,0.9999999978770719
28,LTX001_Da163_idx2,2.7017751914577536e-5,0.9999999949958167
28,LTX073_Da196_idx3,2.508834150799424e-5,0.9999999955989851
28,LTX049_Da334_idx1,1.717943950426996e-5,0.9999999984147092
28,LTX049_Da1564_idx1,8.821691866615367e-6,0.9999999993647216
28,LTX082_Da1219_idx1,1.2013398110565335e-5,0.9999999990219092
28,LTX013_Da153_idx1,2.93451002654165e-5,0.9999999956392084
28,LTX091_Da268_idx1,1.2036681963162788e-5,0.9999999990441816
32,LTX145_Da211_idx3,1.2003164782071094e-5,0.9999999992506041
32,LTX051_Da2067_idx1,1.1854069721181008e-5,0.9999999993945511
32,LTX029_Da372_idx1,3.0389639457361448e-5,0.9999999934035669
32,LTX092_Da378_idx5,1.3976648960907752e-5,0.9999999987170989
32,LTX144_Da246_idx2,2.3527652498738245e-5,0.9999999948401314
32,LTX055_Da738_idx1,8.523248700899069e-6,0.9999999996117651
32,LTX102_Da672_idx2,2.471834921736611e-5,0.9999999960863594
32,LTX062_Da313_idx2,2.286155962638468e-5,0.9999999954475227
32,LTX051_Da294_idx1,8.732170290683492e-6,0.9999999994674096
32,LTX051_Da1230_idx2,2.6549842129664928e-5,0.9999999967772152
32,LTX100_Da336_idx3,3.018251768397002e-5,0.9999999937700488
32,LTX001_Da256_idx1,1.8106901060265026e-5,0.999999997681638
32,LTX102_Da847_idx1,9.084346977719619e-6,0.9999999996175832
32,LTX013_Da154_idx3,1.36999672098157e-5,0.9999999993058573
32,LTX021_Da106_idx1,1.2307038487790269e-5,0.9999999990603379
32,LTX156_Da195_idx1,2.5002545240379073e-5,0.9999999956334155
32,LTX100_Da336_idx2,1.2266521010226489e-5,0.9999999984451259
32,LTX145_Da318_idx1,1.5327798272289566e-5,0.99999999827164
32,LTX001_Da107_idx1,2.0234840837775803e-5,0.9999999979440918
32,LTX055_Da2158_idx3,1.3416862158506805e-5,0.9999999990972219
32,LTX108_Da1561_idx1,1.4577110270921884e-5,0.9999999987293293
32,LTX210_Da691_idx1,1.2902085134650888e-5,0.9999999988432904
32,LTX055_Da1309_idx1,2.1407100290223788e-5,0.999999997876403
32,LTX001_Da256_idx2,2.275294515672422e-5,0.9999999964797965
32,LTX051_Da435_idx2,1.6703146832078003e-5,0.9999999987032642
32,LTX073_Da501_idx2,1.8472541562573265e-5,0.9999999972376924
32,LTX115_Da177_idx2,2.0780002570555406e-5,0.9999999968223908
32,LTX049_Da1488_idx1,1.3681783740807482e-5,0.9999999990326478
32,LTX051_Da2067_idx2,3.078945914955631e-5,0.9999999925998737
32,LTX029_Da2340_idx1,2.4574065259763887e-5,0.9999999965579136
32,LTX145_Da318_idx4,9.528644932608583e-6,0.9999999994811861
32,LTX021_Da110_idx3,1.874497063497218e-5,0.9999999983519097
32,LTX092_Da379_idx3,2.557906898728387e-5,0.999999995525859
32,LTX092_Da523_idx1,5.753706186442226e-6,0.999999999783345
32,LTX092_Da252_idx4,1.4669661046333262e-5,0.9999999983976926
32,LTX001_Da232_idx2,2.287026292362535e-5,0.9999999967430151
32,LTX185_Da363_idx3,1.0869946729765517e-5,0.9999999994223029
32,LTX079_Da50_idx2,1.0586252932009469e-5,0.9999999994005058
32,LTX082_Da161_idx3,1.4950503839026135e-5,0.9999999986126649
32,LTX115_Da177_idx1,2.1867284200271524e-5,0.9999999969881833
32,LTX145_Da211_idx1,1.0961797216906268e-5,0.9999999994575781
32,LTX102_Da564_idx2,3.762048041631557e-6,0.999999999936041
32,LTX091_Da355_idx3,1.640854827683414e-5,0.9999999982481527
32,LTX109_Da530_idx2,1.4101060863571195e-5,0.9999999988816447
32,LTX102_Da632_idx3,1.1208770489489083e-5,0.9999999991606262
32,LTX210_Da508_idx1,6.911001978121727e-6,0.9999999995706212
32,LTX050_Da316_idx1,3.2779203946875093e-5,0.9999999921970866
32,LTX092_Da370_idx3,8.362356377979787e-6,0.9999999993963388
32,LTX092_Da523_idx2,1.031970870519709e-5,0.9999999992651941
32,LTX193_Da153_idx3,3.309458706931878e-5,0.9999999945920004
32,LTX109_Da1569_idx2,1.782560978224758e-5,0.9999999982370043
32,LTX092_Da252_idx1,1.5407594827695624e-5,0.9999999983716543
32,LTX102_Da632_idx2,1.0933796770456633e-5,0.9999999989834311
32,LTX055_Da738_idx3,1.9919991527072754e-5,0.9999999974014551
32,LTX108_Da346_idx1,1.954498606042161e-5,0.999999996908894
32,LTX092_Da104_idx3,2.416363159313811e-5,0.9999999949469176
32,LTX050_Da261_idx1,1.0777682936785183e-5,0.9999999994191185
32,LTX073_Da277_idx1,2.111408621142361e-5,0.9999999982042843
32,LTX091_Da525_idx2,4.831176423370926e-6,0.999999999865802
32,LTX013_Da153_idx3,1.747030236253548e-5,0.9999999977123031
32,LTX021_Da110_idx1,2.1293206267949614e-5,0.9999999968337784
32,LTX206_Da250_idx1,2.16263191936156e-5,0.9999999973869845
32,LTX049_Da1488_idx2,2.296429909522332e-5,0.9999999972967791
32,LTX092_Da252_idx3,1.3759119612051004e-5,0.9999999987927155
32,LTX073_Da1081_idx1,1.94070265655064e-5,0.9999999964364129
32,LTX156_Da2042_idx2,2.596849345860898e-5,0.9999999963082584
32,LTX102_Da847_idx2,1.0165442968383704e-5,0.9999999992279734
32,LTX029_Da372_idx3,3.551641569351645e-5,0.9999999930633829
32,LTX001_Da374_idx1,1.973388900760018e-5,0.9999999978932772
32,LTX051_Da1513_idx1,3.0034545066451254e-5,0.9999999954338992
32,LTX160_Da242_idx3,1.8995423599027725e-5,0.9999999965502474
32,LTX051_Da435_idx4,1.766839390454472e-5,0.9999999984343019
32,LTX055_Da409_idx2,1.7072398741439293e-5,0.9999999983667306
32,LTX021_Da211_idx3,1.3870268438721917e-5,0.999999999032081
32,LTX001_Da256_idx4,3.469728890144412e-5,0.9999999901558329
32,LTX049_Da134_idx1,1.242598776797663e-5,0.9999999990912742
32,LTX091_Da355_idx1,1.3700624509261183e-5,0.9999999985686128
32,LTX092_Da130_idx2,1.3841734041404214e-5,0.9999999985330313
32,LTX102_Da610_idx3,1.8762247620998123e-5,0.9999999972898073
32,LTX156_Da195_idx2,1.0128648859099233e-5,0.9999999996301824
32,LTX102_Da610_idx2,8.023822767002858e-6,0.9999999995968332
32,LTX051_Da435_idx5,1.6416538368621978e-5,0.9999999979471584
32,LTX013_Da148_idx2,7.1677345582249374e-6,0.9999999997480529
32,LTX092_Da524_idx2,2.0034255298928135e-5,0.9999999976713265
32,LTX082_Da161_idx2,2.7706722397766988e-5,0.9999999953933549
32,LTX144_Da554_idx1,2.3566921165797877e-5,0.9999999965886576
32,LTX206_Da250_idx3,2.624940555973431e-5,0.999999996058223
32,LTX051_Da328_idx3,1.92809727300477e-5,0.999999997786351
32,LTX102_Da672_idx1,1.791839325649264e-5,0.9999999985169592
32,LTX051_Da328_idx2,1.4115858353701521e-5,0.9999999991484758
32,LTX051_Da328_idx1,1.7388906230362677e-5,0.9999999977631717
32,LTX001_Da163_idx2,2.7075858560532006e-5,0.9999999934128564
32,LTX073_Da196_idx3,2.4675108106824423e-5,0.999999995699577
32,LTX049_Da334_idx1,1.5203031000014176e-5,0.9999999986764362
32,LTX049_Da1564_idx1,1.305853815145407e-5,0.9999999988781464
32,LTX082_Da1219_idx1,1.2018439723778e-5,0.9999999990209535
32,LTX013_Da153_idx1,3.3198519218295504e-5,0.999999993304431
32,LTX091_Da268_idx1,3.4594531193456905e-5,0.9999999918327029
36,LTX145_Da211_idx3,1.125460167145734e-5,0.9999999993243576
36,LTX051_Da2067_idx1,1.093705467362052e-5,0.9999999991251803
36,LTX029_Da372_idx1,2.486140747259622e-5,0.9999999945924261
36,LTX092_Da378_idx5,1.9373157436630324e-5,0.9999999978557099
36,LTX144_Da246_idx2,2.2313623119200916e-5,0.9999999969985177
36,LTX055_Da738_idx1,2.0905171432589462e-5,0.999999996834311
36,LTX102_Da672_idx2,2.088401791399193e-5,0.999999997550976
36,LTX062_Da313_idx2,1.2260441095647307e-5,0.9999999984305137
36,LTX051_Da294_idx1,7.717359548410114e-6,0.9999999996738268
36,LTX051_Da1230_idx2,2.4604295382084793e-5,0.9999999960111836
36,LTX100_Da336_idx3,2.9157890294258443e-5,0.9999999942605987
36,LTX001_Da256_idx1,1.6357360984430383e-5,0.9999999984792504
36,LTX102_Da847_idx1,1.0580833819316537e-5,0.9999999992387649
36,LTX013_Da154_idx3,1.1741583807673704e-5,0.9999999990864396
36,LTX021_Da106_idx1,1.2164984063102763e-5,0.9999999992878225
36,LTX156_Da195_idx1,1.671194843788643e-5,0.9999999989018825
36,LTX100_Da336_idx2,2.0587938147715536e-5,0.9999999966818152
36,LTX145_Da318_idx1,1.6377539094548095e-5,0.9999999988982518
36,LTX001_Da107_idx1,2.222899147318475e-5,0.9999999962874749
36,LTX055_Da2158_idx3,1.1477592966517896e-5,0.9999999991469524
36,LTX108_Da1561_idx1,2.6933792323337854e-5,0.9999999950310484
36,LTX210_Da691_idx1,1.6085500320591373e-5,0.9999999987387429
36,LTX055_Da1309_idx1,2.0949031759758467e-5,0.9999999975124126
36,LTX001_Da256_idx2,3.442535086474536e-5,0.9999999923238556
36,LTX051_Da435_idx2,1.1996266992758538e-5,0.999999999102545
36,LTX073_Da501_idx2,2.115349828448044e-5,0.9999999977809688
36,LTX115_Da177_idx2,8.683695142683502e-6,0.9999999996302438
36,LTX049_Da1488_idx1,2.362228321165713e-5,0.9999999964289148
36,LTX051_Da2067_idx2,2.2823226262532668e-5,0.9999999965250689
36,LTX029_Da2340_idx1,2.0890177066395917e-5,0.9999999973358576
36,LTX145_Da318_idx4,7.90895029686881e-6,0.9999999996455091
36,LTX021_Da110_idx3,2.2954269918177582e-5,0.9999999966873365
36,LTX092_Da379_idx3,1.890180952783783e-5,0.9999999980602163
36,LTX092_Da523_idx1,6.876393195547804e-6,0.9999999995456045
36,LTX092_Da252_idx4,1.1224444494387464e-5,0.999999999302453
36,LTX001_Da232_idx2,3.0116684616227303e-5,0.9999999936865384
36,LTX185_Da363_idx3,6.587152102320986e-6,0.9999999996605928
36,LTX079_Da50_idx2,1.2741094364907095e-5,0.9999999990419295
36,LTX082_Da161_idx3,1.5223095050142134e-5,0.9999999987023053
36,LTX115_Da177_idx1,2.010474331090221e-5,0.9999999975710228
36,LTX145_Da211_idx1,1.5112197151323511e-5,0.9999999988523427
36,LTX102_Da564_idx2,4.0731551800800944e-6,0.9999999999022481
36,LTX091_Da355_idx3,1.1211662879799623e-5,0.9999999993068187
36,LTX109_Da530_idx2,1.153536254733755e-5,0.9999999990373363
36,LTX102_Da632_idx3,1.5494954980739186e-5,0.9999999981890381
36,LTX210_Da508_idx1,6.389369722416702e-6,0.9999999997561778
36,LTX050_Da316_idx1,4.375764832299454e-5,0.9999999876608328
36,LTX092_Da370_idx3,7.285337090738135e-6,0.9999999996156578
36,LTX092_Da523_idx2,8.016630274338065e-6,0.9999999995691121
36,LTX193_Da153_idx3,2.1692581070895754e-5,0.9999999965263996
36,LTX109_Da1569_idx2,2.6607698878383663e-5,0.9999999938535927
36,LTX092_Da252_idx1,1.1994888942304621e-5,0.9999999988914768
36,LTX102_Da632_idx2,2.1950060259912818e-5,0.9999999971630932
36,LTX055_Da738_idx3,2.07724378598553e-5,0.9999999965825143
36,LTX108_Da346_idx1,1.542400354289404e-5,0.9999999983475989
36,LTX092_Da104_idx3,2.4988762969016157e-5,0.9999999958405101
36,LTX050_Da261_idx1,1.0051863716367932e-5,0.9999999995361714
36,LTX073_Da277_idx1,3.0035178338131327e-5,0.9999999950047352
36,LTX091_Da525_idx2,6.366156320753525e-6,0.9999999997423973
36,LTX013_Da153_idx3,1.655590343273766e-5,0.9999999983648196
36,LTX021_Da110_idx1,2.4591576634711814e-5,0.9999999944068039
36,LTX206_Da250_idx1,1.9284320484949384e-5,0.9999999977225736
36,LTX049_Da1488_idx2,1.3363994948105926e-5,0.9999999990650976
36,LTX092_Da252_idx3,2.214856957148629e-5,0.9999999971751595
36,LTX073_Da1081_idx1,1.6884590146457364e-5,0.9999999970945217
36,LTX156_Da2042_idx2,1.9919365963828188e-5,0.9999999974522348
36,LTX102_Da847_idx2,6.092243178918446e-6,0.9999999996853965
36,LTX029_Da372_idx3,2.3845131026224656e-5,0.9999999967680323
36,LTX001_Da374_idx1,2.0683275499519016e-5,0.9999999963407223
36,LTX051_Da1513_idx1,3.5408861447570006e-5,0.9999999914537111
36,LTX160_Da242_idx3,2.1980416476240176e-5,0.9999999955209428
36,LTX051_Da435_idx4,1.2745411436414405e-5,0.9999999989341979
36,LTX055_Da409_idx2,1.3182555574710039e-5,0.9999999987968675
36,LTX021_Da211_idx3,1.3292278014882335e-5,0.9999999989387736
36,LTX001_Da256_idx4,5.036878728474948e-5,0.999999977546552
36,LTX049_Da134_idx1,1.4031118970917638e-5,0.9999999991248874
36,LTX091_Da355_idx1,1.1317741585933397e-5,0.9999999989245878
36,LTX092_Da130_idx2,8.856117402779584e-6,0.9999999995930802
36,LTX102_Da610_idx3,2.636212349736786e-5,0.9999999946064357
36,LTX156_Da195_idx2,1.2288931477124855e-5,0.9999999991706561
36,LTX102_Da610_idx2,7.354259784688574e-6,0.9999999996502059
36,LTX051_Da435_idx5,1.6300654850943555e-5,0.9999999974440226
36,LTX013_Da148_idx2,2.596193376694563e-5,0.9999999965519638
36,LTX092_Da524_idx2,1.7075702719009774e-5,0.999999997672731
36,LTX082_Da161_idx2,1.9528927864612743e-5,0.9999999969883264
36,LTX144_Da554_idx1,1.9699308648865725e-5,0.9999999971178933
36,LTX206_Da250_idx3,2.0204781673657214e-5,0.999999996242257
36,LTX051_Da328_idx3,1.8348038253418033e-5,0.9999999982303058
36,LTX102_Da672_idx1,1.2614315344129334e-5,0.9999999994534283
36,LTX051_Da328_idx2,1.076718277113338e-5,0.999999999195126
36,LTX051_Da328_idx1,1.4873571253196364e-5,0.9999999981724632
36,LTX001_Da163_idx2,2.5775984493933204e-5,0.9999999963284619
36,LTX073_Da196_idx3,1.7662408126281697e-5,0.9999999978524292
36,LTX049_Da334_idx1,1.601461328030213e-5,0.9999999986541153
36,LTX049_Da1564_idx1,1.3328973321249868e-5,0.9999999985310754
36,LTX082_Da1219_idx1,1.1999830420229524e-5,0.9999999990239844
36,LTX013_Da153_idx1,2.0501423468468078e-5,0.9999999983638539
36,LTX091_Da268_idx1,1.0558740922208184e-5,0.9999999991931514
40,LTX145_Da211_idx3,1.1587152639677115e-5,0.9999999993009007
40,LTX051_Da2067_idx1,1.0770769873450765e-5,0.9999999994767995
40,LTX029_Da372_idx1,3.2639579060722065e-5,0.9999999917518432
40,LTX092_Da378_idx5,2.0361093935608997e-5,0.9999999961585825
40,LTX144_Da246_idx2,2.4263918121589532e-5,0.9999999938484
40,LTX055_Da738_idx1,1.2667092401780894e-5,0.9999999990023373
40,LTX102_Da672_idx2,2.1281051067771212e-5,0.9999999975557438
40,LTX062_Da313_idx2,2.36277654440798e-5,0.9999999940120735
40,LTX051_Da294_idx1,1.786118094881572e-5,0.9999999975049909
40,LTX051_Da1230_idx2,2.2965166231456678e-5,0.9999999972099093
40,LTX100_Da336_idx3,3.0800092913216166e-5,0.9999999935639713
40,LTX001_Da256_idx1,1.451698791521279e-5,0.9999999988439319
40,LTX102_Da847_idx1,2.170370091409292e-5,0.9999999968905001
40,LTX013_Da154_idx3,1.2860955748788534e-5,0.9999999991651117
40,LTX021_Da106_idx1,1.5013704097040042e-5,0.9999999985336125
40,LTX156_Da195_idx1,1.4024312203071887e-5,0.9999999988771526
40,LTX100_Da336_idx2,1.1925952284903073e-5,0.9999999988457521
40,LTX145_Da318_idx1,1.9564272390314068e-5,0.999999998268384
40,LTX001_Da107_idx1,1.8568714503943593e-5,0.9999999975926318
40,LTX055_Da2158_idx3,1.0196301358503715e-5,0.9999999994502947
40,LTX108_Da1561_idx1,1.8437178812392075e-5,0.9999999970860953
40,LTX210_Da691_idx1,1.7145228301372642e-5,0.9999999980301209
40,LTX055_Da1309_idx1,2.52757920223287e-5,0.9999999965252099
40,LTX001_Da256_idx2,2.9371997045779194e-5,0.9999999956050826
40,LTX051_Da435_idx2,2.823631503696063e-5,0.9999999963746882
40,LTX073_Da501_idx2,1.6516743781765333e-5,0.9999999981300411
40,LTX115_Da177_idx2,1.779412884519894e-5,0.9999999981219506
40,LTX049_Da1488_idx1,2.00661963581169e-5,0.9999999974044251
40,LTX051_Da2067_idx2,2.4044873869301135e-5,0.9999999960563473
40,LTX029_Da2340_idx1,1.8337501741797535e-5,0.9999999981843632
40,LTX145_Da318_idx4,1.114978651877537e-5,0.9999999993906437
40,LTX021_Da110_idx3,2.526076534152764e-5,0.9999999958455783
40,LTX092_Da379_idx3,1.8060489205704757e-5,0.9999999980959962
40,LTX092_Da523_idx1,6.008290124858634e-6,0.9999999998427853
40,LTX092_Da252_idx4,2.1315532828258303e-5,0.999999996303404
40,LTX001_Da232_idx2,1.8266792601229384e-5,0.9999999974194338
40,LTX185_Da363_idx3,1.674765551068514e-5,0.9999999983465631
40,LTX079_Da50_idx2,1.9404887153297817e-5,0.9999999970296364
40,LTX082_Da161_idx3,1.3837898239378897e-5,0.9999999987564476
40,LTX115_Da177_idx1,3.0730067011553694e-5,0.9999999936745972
40,LTX145_Da211_idx1,9.355361321795088e-6,0.9999999995606658
40,LTX102_Da564_idx2,9.447889351900554e-6,0.9999999993061556
40,LTX091_Da355_idx3,1.4788986254189323e-5,0.9999999985097213
40,LTX109_Da530_idx2,1.489639660417271e-5,0.9999999983443771
40,LTX102_Da632_idx3,1.1450145187885783e-5,0.9999999993300102
40,LTX210_Da508_idx1,1.2485492410945154e-5,0.9999999989926925
40,LTX050_Da316_idx1,3.008526719342557e-5,0.99999999548336
40,LTX092_Da370_idx3,7.37739745650848e-6,0.9999999994002151
40,LTX092_Da523_idx2,4.385932455428806e-6,0.9999999999212627
40,LTX193_Da153_idx3,3.1670786811921626e-5,0.9999999952456988
40,LTX109_Da1569_idx2,3.3464834967509335e-5,0.9999999937847419
40,LTX092_Da252_idx1,1.695046518407618e-5,0.9999999979426681
40,LTX102_Da632_idx2,1.282862906449781e-5,0.9999999990480393
40,LTX055_Da738_idx3,1.6159929949335002e-5,0.9999999981344206
40,LTX108_Da346_idx1,8.589999739470527e-6,0.9999999994195747
40,LTX092_Da104_idx3,2.6767773190513327e-5,0.9999999949282053
40,LTX050_Da261_idx1,1.0017610267632477e-5,0.9999999993292551
40,LTX073_Da277_idx1,3.67709676696915e-5,0.9999999932110358
40,LTX091_Da525_idx2,6.641501141171901e-6,0.9999999997010407
40,LTX013_Da153_idx3,2.753743553674165e-5,0.9999999956022769
40,LTX021_Da110_idx1,2.1966180127338046e-5,0.9999999965574249
40,LTX206_Da250_idx1,1.7811781487388005e-5,0.9999999976015772
40,LTX049_Da1488_idx2,2.214270685623255e-5,0.9999999968523263
40,LTX092_Da252_idx3,2.1926225601973128e-5,0.9999999973414496
40,LTX073_Da1081_idx1,1.5547334139097554e-5,0.9999999974508316
40,LTX156_Da2042_idx2,2.1986180287355157e-5,0.9999999965681269
40,LTX102_Da847_idx2,8.3580481733729e-6,0.9999999994757726
40,LTX029_Da372_idx3,2.5908784968206568e-5,0.9999999954205105
40,LTX001_Da374_idx1,2.4117315063592382e-5,0.9999999955377922
40,LTX051_Da1513_idx1,3.008260432499721e-5,0.9999999933821252
40,LTX160_Da242_idx3,1.9368409910211787e-5,0.9999999974381489
40,LTX051_Da435_idx4,1.7773068682807784e-5,0.9999999980044116
40,LTX055_Da409_idx2,1.776199649400273e-5,0.9999999980030967
40,LTX021_Da211_idx3,1.3616217317995918e-5,0.9999999991322096
40,LTX001_Da256_idx4,4.262316885752761e-5,0.9999999841163861
40,LTX049_Da134_idx1,1.251463623873033e-5,0.999999999010997
40,LTX091_Da355_idx1,1.3819180478193267e-5,0.9999999987695466
40,LTX092_Da130_idx2,8.695881542261122e-6,0.9999999994798405
40,LTX102_Da610_idx3,1.0842154182464424e-5,0.9999999994342713
40,LTX156_Da195_idx2,1.2826631670379496e-5,0.9999999990415472
40,LTX102_Da610_idx2,6.7393192697024295e-6,0.9999999996307991
40,LTX051_Da435_idx5,2.1492900201848387e-5,0.9999999972702065
40,LTX013_Da148_idx2,2.679937512963778e-5,0.9999999960841112
40,LTX092_Da524_idx2,1.689029689220243e-5,0.9999999983022339
40,LTX082_Da161_idx2,2.4722692220744e-5,0.9999999953111396
40,LTX144_Da554_idx1,2.7309996195397707e-5,0.9999999941088482
40,LTX206_Da250_idx3,2.9001826514405303e-5,0.9999999946416415
40,LTX051_Da328_idx3,2.2117276169243722e-5,0.9999999969586814
40,LTX102_Da672_idx1,1.250371281673395e-5,0.9999999988592563
40,LTX051_Da328_idx2,1.4595432834535388e-5,0.999999998666626
40,LTX051_Da328_idx1,1.8024651882939636e-5,0.9999999977441977
40,LTX001_Da163_idx2,3.3289132771138335e-5,0.9999999922126588
40,LTX073_Da196_idx3,1.963046810294543e-5,0.9999999973403811
40,LTX049_Da334_idx1,1.5476576453647205e-5,0.9999999983407067
40,LTX049_Da1564_idx1,1.030645110355725e-5,0.9999999989832279
40,LTX082_Da1219_idx1,1.2001157129001532e-5,0.9999999990247898
40,LTX013_Da153_idx1,2.184644290975215e-5,0.9999999974202822
40,LTX091_Da268_idx1,1.272241948277927e-5,0.9999999989280483
44,LTX145_Da211_idx3,1.1107338679479756e-5,0.9999999993158619
44,LTX051_Da2067_idx1,1.2699965068269812e-5,0.9999999992352538
44,LTX029_Da372_idx1,2.106484871157317e-5,0.9999999968599775
44,LTX092_Da378_idx5,1.6656793655106737e-5,0.999999998719939
44,LTX144_Da246_idx2,3.196902758479142e-5,0.9999999892269567
44,LTX055_Da738_idx1,1.4037540506469443e-5,0.9999999986990591
44,LTX102_Da672_idx2,1.9681567214762918e-5,0.9999999976639893
44,LTX062_Da313_idx2,2.225065997148243e-5,0.999999995604486
44,LTX051_Da294_idx1,8.912688966745299e-6,0.9999999995377854
44,LTX051_Da1230_idx2,2.2217415771246944e-5,0.9999999979037726
44,LTX100_Da336_idx3,3.173834976357188e-5,0.9999999931759972
44,LTX001_Da256_idx1,2.6057700845670643e-5,0.9999999952202754
44,LTX102_Da847_idx1,1.0220078264359634e-5,0.9999999992732641
44,LTX013_Da154_idx3,1.811559186997471e-5,0.9999999983788181
44,LTX021_Da106_idx1,1.1218713878682193e-5,0.9999999991435194
44,LTX156_Da195_idx1,1.1420874534874948e-5,0.9999999991143099
44,LTX100_Da336_idx2,1.2637390474676484e-5,0.9999999984529424
44,LTX145_Da318_idx1,1.9818295352981854e-5,0.9999999981794754
44,LTX001_Da107_idx1,2.5894366165986664e-5,0.9999999943027384
44,LTX055_Da2158_idx3,1.0868355064213474e-5,0.99999999946096
44,LTX108_Da1561_idx1,1.9442913757279387e-5,0.9999999967533891
44,LTX210_Da691_idx1,1.6355536478505806e-5,0.9999999984099303
44,LTX055_Da1309_idx1,2.1396681011622528e-5,0.9999999974646704
44,LTX001_Da256_idx2,2.8633766905990652e-5,0.9999999918807438
44,LTX051_Da435_idx2,2.5301245211974065e-5,0.9999999957205946
44,LTX073_Da501_idx2,1.735658641452623e-5,0.9999999975377353
44,LTX115_Da177_idx2,1.2096994344529155e-5,0.9999999993005756
44,LTX049_Da1488_idx1,2.1772343057146998e-5,0.9999999960069751
44,LTX051_Da2067_idx2,2.8546134151104983e-5,0.9999999943156526
44,LTX029_Da2340_idx1,2.0177292511524944e-5,0.999999997937995
44,LTX145_Da318_idx4,1.1333939972919943e-5,0.9999999989988555
44,LTX021_Da110_idx3,1.9330858096343035e-5,0.9999999979888576
44,LTX092_Da379_idx3,1.6262579731911647e-5,0.9999999980516406
44,LTX092_Da523_idx1,1.1967172164094158e-5,0.9999999987636184
44,LTX092_Da252_idx4,1.753731397272926e-5,0.9999999976096353
44,LTX001_Da232_idx2,3.0036722881371195e-5,0.9999999932466682
44,LTX185_Da363_idx3,1.0583463017342178e-5,0.9999999995354072
44,LTX079_Da50_idx2,1.1939081886794922e-5,0.9999999990686871
44,LTX082_Da161_idx3,1.8351348192257075e-5,0.9999999980596652
44,LTX115_Da177_idx1,2.74431537335422e-5,0.9999999963308138
44,LTX145_Da211_idx1,6.595236451545639e-6,0.9999999997743926
44,LTX102_Da564_idx2,3.1856827106024577e-6,0.9999999999317112
44,LTX091_Da355_idx3,1.4962320697967605e-5,0.9999999984155626
44,LTX109_Da530_idx2,1.1179171082754203e-5,0.9999999989841712
44,LTX102_Da632_idx3,9.208020500748704e-6,0.9999999993956666
44,LTX210_Da508_idx1,6.919136837416429e-6,0.9999999995790223
44,LTX050_Da316_idx1,2.98180392460368e-5,0.9999999925000228
44,LTX092_Da370_idx3,9.182523347755755e-6,0.9999999994547486
44,LTX092_Da523_idx2,2.1947060627355843e-6,0.9999999999790373
44,LTX193_Da153_idx3,2.2994417830459502e-5,0.9999999966710831
44,LTX109_Da1569_idx2,1.6014308465899307e-5,0.9999999989016868
44,LTX092_Da252_idx1,1.2880174225764246e-5,0.9999999989857206
44,LTX102_Da632_idx2,1.4894776563922033e-5,0.9999999988097198
44,LTX055_Da738_idx3,1.2139180188461935e-5,0.9999999991283286
44,LTX108_Da346_idx1,1.439669581774787e-5,0.9999999987407127
44,LTX092_Da104_idx3,3.164182091211274e-5,0.9999999929368266
44,LTX050_Da261_idx1,1.2475959462275307e-5,0.9999999993142411
44,LTX073_Da277_idx1,2.9654675461443147e-5,0.9999999947820726
44,LTX091_Da525_idx2,2.580025655159851e-6,0.9999999999306661
44,LTX013_Da153_idx3,1.9194644249810356e-5,0.9999999974739496
44,LTX021_Da110_idx1,2.0849646089776358e-5,0.9999999973112722
44,LTX206_Da250_idx1,2.937979457855992e-5,0.9999999953037013
44,LTX049_Da1488_idx2,1.6570602196590288e-5,0.9999999978952817
44,LTX092_Da252_idx3,2.3771399274116617e-5,0.99999999623716
44,LTX073_Da1081_idx1,2.0075297487886406e-5,0.9999999967641707
44,LTX156_Da2042_idx2,2.753303404592182e-5,0.9999999951160536
44,LTX102_Da847_idx2,8.533079404318437e-6,0.9999999994203423
44,LTX029_Da372_idx3,3.245173306904427e-5,0.9999999941362964
44,LTX001_Da374_idx1,2.6960421665517277e-5,0.9999999944029324
44,LTX051_Da1513_idx1,4.308441108296736e-5,0.9999999879874446
44,LTX160_Da242_idx3,2.1793579303644933e-5,0.9999999954390407
44,LTX051_Da435_idx4,2.0469814784715734e-5,0.9999999976429094
44,LTX055_Da409_idx2,1.92681098029735e-5,0.9999999974866788
44,LTX021_Da211_idx3,1.2272040743241555e-5,0.9999999991680711
44,LTX001_Da256_idx4,3.263630612652753e-5,0.999999990194092
44,LTX049_Da134_idx1,1.5881964442856783e-5,0.9999999982896088
44,LTX091_Da355_idx1,1.0404669841471177e-5,0.9999999989033987
44,LTX092_Da130_idx2,1.6035332570085228e-5,0.9999999981381253
44,LTX102_Da610_idx3,2.1529451726122298e-5,0.9999999966485104
44,LTX156_Da195_idx2,1.3012617295500504e-5,0.9999999989042805
44,LTX102_Da610_idx2,8.26336356956516e-6,0.9999999995886624
44,LTX051_Da435_idx5,2.2050144510517143e-5,0.9999999964346106
44,LTX013_Da148_idx2,2.7466900619244767e-5,0.9999999953399539
44,LTX092_Da524_idx2,2.4929993295300057e-5,0.9999999958394804
44,LTX082_Da161_idx2,2.4792909491614642e-5,0.9999999961557579
44,LTX144_Da554_idx1,1.831616462600052e-5,0.9999999981157822
44,LTX206_Da250_idx3,2.3387115403079787e-5,0.9999999971280903
44,LTX051_Da328_idx3,1.872771611996695e-5,0.9999999982587269
44,LTX102_Da672_idx1,1.9317065773655753e-5,0.9999999980873545
44,LTX051_Da328_idx2,1.4849638091541956e-5,0.9999999986347438
44,LTX051_Da328_idx1,1.9192769268603308e-5,0.9999999971344067
44,LTX001_Da163_idx2,3.201041890713736e-5,0.9999999932464552
44,LTX073_Da196_idx3,2.6233565482787587e-5,0.9999999947391963
44,LTX049_Da334_idx1,1.7478459909345583e-5,0.9999999979587466
44,LTX049_Da1564_idx1,1.2523908318114415e-5,0.9999999984034977
44,LTX082_Da1219_idx1,1.2782224399365853e-5,0.9999999989829403
44,LTX013_Da153_idx1,2.1941093036816426e-5,0.9999999973826007
44,LTX091_Da268_idx1,7.641172194069564e-6,0.999999999734984
48,LTX145_Da211_idx3,1.2154167265512057e-5,0.9999999993143323
48,LTX051_Da2067_idx1,1.1257618409459596e-5,0.9999999992983217
48,LTX029_Da372_idx1,3.502525986179511e-5,0.9999999904951654
48,LTX092_Da378_idx5,2.0380032319564656e-5,0.9999999971304363
48,LTX144_Da246_idx2,2.3925044152473018e-5,0.9999999948132126
48,LTX055_Da738_idx1,9.430927046444704e-6,0.9999999992723163
48,LTX102_Da672_idx2,1.9930301672471072e-5,0.9999999975767956
48,LTX062_Da313_idx2,1.9882279272201356e-5,0.9999999955355324
48,LTX051_Da294_idx1,7.5020457215908975e-6,0.9999999994602338
48,LTX051_Da1230_idx2,2.127389509002221e-5,0.9999999966765236
48,LTX100_Da336_idx3,4.001697618288267e-5,0.9999999931301647
48,LTX001_Da256_idx1,3.5948838777891905e-5,0.9999999910636465
48,LTX102_Da847_idx1,1.0411494198248778e-5,0.9999999993049488
48,LTX013_Da154_idx3,1.8664823664300664e-5,0.9999999980028699
48,LTX021_Da106_idx1,1.0627159258759871e-5,0.9999999992888747
48,LTX156_Da195_idx1,1.211270952393821e-5,0.9999999993145662
48,LTX100_Da336_idx2,1.1029593261171258e-5,0.9999999987893786
48,LTX145_Da318_idx1,2.556488033559167e-5,0.9999999957256138
48,LTX001_Da107_idx1,2.7842518352871008e-5,0.9999999959474632
48,LTX055_Da2158_idx3,9.53090015707319e-6,0.9999999996567348
48,LTX108_Da1561_idx1,1.921358515040669e-5,0.9999999964936813
48,LTX210_Da691_idx1,1.3101428253147636e-5,0.9999999991453353
48,LTX055_Da1309_idx1,2.0202797455313336e-5,0.9999999975645679
48,LTX001_Da256_idx2,3.733693195288278e-5,0.9999999891310994
48,LTX051_Da435_idx2,1.9966531041810536e-5,0.9999999971530893
48,LTX073_Da501_idx2,1.8785213413644454e-5,0.9999999976706405
48,LTX115_Da177_idx2,1.5172671461859506e-5,0.999999998212553
48,LTX049_Da1488_idx1,2.2227318363272257e-5,0.9999999966053852
48,LTX051_Da2067_idx2,2.896226143452911e-5,0.999999993595317
48,LTX029_Da2340_idx1,2.4816102977768664e-5,0.9999999960868229
48,LTX145_Da318_idx4,8.28643333232867e-6,0.9999999996008583
48,LTX021_Da110_idx3,2.416446435962161e-5,0.9999999965945732
48,LTX092_Da379_idx3,1.2512068108185925e-5,0.9999999987627625
48,LTX092_Da523_idx1,1.4086230100410605e-5,0.9999999978301743
48,LTX092_Da252_idx4,2.148318880179462e-5,0.9999999976836604
48,LTX001_Da232_idx2,2.789017988432129e-5,0.9999999942812258
48,LTX185_Da363_idx3,1.6298059984517813e-5,0.9999999989521962
48,LTX079_Da50_idx2,1.248554827936071e-5,0.9999999992232502
48,LTX082_Da161_idx3,1.7994357886735652e-5,0.999999997731467
48,LTX115_Da177_idx1,2.536672930651664e-5,0.9999999955943903
48,LTX145_Da211_idx1,1.2139029759888161e-5,0.9999999993288087
48,LTX102_Da564_idx2,4.6763963134338e-6,0.9999999998316944
48,LTX091_Da355_idx3,1.667914638091999e-5,0.9999999984683089
48,LTX109_Da530_idx2,1.0018347581940395e-5,0.9999999994634637
48,LTX102_Da632_idx3,1.2909932337197413e-5,0.9999999991450816
48,LTX210_Da508_idx1,6.679458205947542e-6,0.9999999995391505
48,LTX050_Da316_idx1,2.6077776315687615e-5,0.9999999960066323
48,LTX092_Da370_idx3,8.63440710730781e-6,0.9999999992440369
48,LTX092_Da523_idx2,3.5713096773199826e-6,0.9999999999410332
48,LTX193_Da153_idx3,2.3476210659116863e-5,0.9999999958830394
48,LTX109_Da1569_idx2,2.512655710399698e-5,0.9999999958070734
48,LTX092_Da252_idx1,1.7776014227419716e-5,0.9999999986366325
48,LTX102_Da632_idx2,2.024005857078701e-5,0.999999997359198
48,LTX055_Da738_idx3,2.101970900517308e-5,0.9999999972073155
48,LTX108_Da346_idx1,2.433647010001771e-5,0.9999999954077471
48,LTX092_Da104_idx3,3.891275134054015e-5,0.9999999896633267
48,LTX050_Da261_idx1,1.607553322373339e-5,0.9999999984218494
48,LTX073_Da277_idx1,2.372739804351543e-5,0.9999999963750653
48,LTX091_Da525_idx2,6.0155232499248975e-6,0.9999999997151806
48,LTX013_Da153_idx3,1.8274352868203842e-5,0.999999997696022
48,LTX021_Da110_idx1,2.8642939642564194e-5,0.9999999936766093
48,LTX206_Da250_idx1,2.0494969434975364e-5,0.9999999969700717
48,LTX049_Da1488_idx2,1.574599826376639e-5,0.999999998392672
48,LTX092_Da252_idx3,1.99915608810303e-5,0.9999999980368314
48,LTX073_Da1081_idx1,2.073095795022897e-5,0.9999999966979835
48,LTX156_Da2042_idx2,2.6806246740810913e-5,0.9999999965056506
48,LTX102_Da847_idx2,1.327746243741156e-5,0.999999998673271
48,LTX029_Da372_idx3,2.8251121227979025e-5,0.9999999952324126
48,LTX001_Da374_idx1,3.141057859492577e-5,0.9999999935708149
48,LTX051_Da1513_idx1,2.7537180791825904e-5,0.9999999951480828
48,LTX160_Da242_idx3,2.449980590295079e-5,0.9999999946344079
48,LTX051_Da435_idx4,2.2655943107415398e-5,0.9999999974734588
48,LTX055_Da409_idx2,1.1925467074735544e-5,0.9999999991139049
48,LTX021_Da211_idx3,9.920715459027263e-6,0.9999999993709067
48,LTX001_Da256_idx4,3.9106871039553075e-5,0.9999999894053279
48,LTX049_Da134_idx1,1.565074811031382e-5,0.9999999983514656
48,LTX091_Da355_idx1,1.2505458382473015e-5,0.9999999987339139
48,LTX092_Da130_idx2,9.020164732063251e-6,0.9999999992837522
48,LTX102_Da610_idx3,2.9201777776081865e-5,0.9999999937066996
48,LTX156_Da195_idx2,1.070780269835883e-5,0.999999999422197
48,LTX102_Da610_idx2,1.0204554353273373e-5,0.9999999993676625
48,LTX051_Da435_idx5,2.0109527694090136e-5,0.9999999959110543
48,LTX013_Da148_idx2,2.414439250137057e-5,0.999999996089395
48,LTX092_Da524_idx2,2.3188075887892245e-5,0.9999999952014673
48,LTX082_Da161_idx2,2.2232501921670188e-5,0.9999999956098101
48,LTX144_Da554_idx1,2.7708507573754728e-5,0.9999999919921493
48,LTX206_Da250_idx3,3.2936889205689635e-5,0.9999999933163809
48,LTX051_Da328_idx3,2.168897508108959e-5,0.9999999965544564
48,LTX102_Da672_idx1,1.4403470051480707e-5,0.9999999986637116
48,LTX051_Da328_idx2,1.6161616617317255e-5,0.9999999986130826
48,LTX051_Da328_idx1,1.162927530780867e-5,0.9999999988278477
48,LTX001_Da163_idx2,2.1768906764338903e-5,0.9999999966201648
48,LTX073_Da196_idx3,1.9174385592017784e-5,0.9999999985809744
48,LTX049_Da334_idx1,1.1525186538478961e-5,0.9999999992475554
48,LTX049_Da1564_idx1,1.1369698974729285e-5,0.9999999989881985
48,LTX082_Da1219_idx1,1.2002922105324947e-5,0.9999999990236857
48,LTX013_Da153_idx1,2.0589123450735564e-5,0.9999999981339144
48,LTX091_Da268_idx1,7.713929808579324e-6,0.9999999996381552
52,LTX145_Da211_idx3,1.0858560310455785e-5,0.9999999991867867
52,LTX051_Da2067_idx1,1.2243243765270459e-5,0.9999999983803796
52,LTX029_Da372_idx1,2.6054686029726796e-5,0.9999999953008234
52,LTX092_Da378_idx5,1.973436529661699e-5,0.9999999972604994
52,LTX144_Da246_idx2,3.152864874619544e-5,0.9999999903913814
52,LTX055_Da738_idx1,1.3238620837579152e-5,0.9999999983194209
52,LTX102_Da672_idx2,2.211489018083825e-5,0.9999999968717879
52,LTX062_Da313_idx2,2.0567392634279417e-5,0.9999999952263562
52,LTX051_Da294_idx1,7.423943363170746e-6,0.9999999995217409
52,LTX051_Da1230_idx2,2.4511345855061478e-5,0.9999999960041117
52,LTX100_Da336_idx3,2.9453529074257614e-5,0.9999999941016365
52,LTX001_Da256_idx1,2.2960215011181155e-5,0.9999999956561268
52,LTX102_Da847_idx1,1.9455134139617802e-5,0.9999999968956567
52,LTX013_Da154_idx3,1.3602927604224221e-5,0.9999999989680356
52,LTX021_Da106_idx1,1.5787795287796877e-5,0.9999999989001184
52,LTX156_Da195_idx1,1.8084024812667222e-5,0.9999999987384197
52,LTX100_Da336_idx2,1.8426031213194392e-5,0.999999996539186
52,LTX145_Da318_idx1,3.2499692747088875e-5,0.999999993763374
52,LTX001_Da107_idx1,2.0243080865508607e-5,0.9999999975326855
52,LTX055_Da2158_idx3,1.5764528416541213e-5,0.9999999988064274
52,LTX108_Da1561_idx1,1.4431147407039906e-5,0.9999999983784964
52,LTX210_Da691_idx1,1.3920600091262001e-5,0.9999999988854045
52,LTX055_Da1309_idx1,2.2164896966852457e-5,0.9999999973119423
52,LTX001_Da256_idx2,3.592373918549234e-5,0.9999999899777926
52,LTX051_Da435_idx2,2.4861837518447584e-5,0.9999999955158924
52,LTX073_Da501_idx2,1.5598930848030294e-5,0.9999999980307893
52,LTX115_Da177_idx2,1.5390234886272077e-5,0.999999998231672
52,LTX049_Da1488_idx1,2.660227884369922e-5,0.9999999925783217
52,LTX051_Da2067_idx2,2.852770732992342e-5,0.9999999940272721
52,LTX029_Da2340_idx1,2.06848582675115e-5,0.9999999978407746
52,LTX145_Da318_idx4,1.251493555548208e-5,0.9999999990880535
52,LTX021_Da110_idx3,2.8029728907246297e-5,0.9999999927208648
52,LTX092_Da379_idx3,2.6703080561021865e-5,0.9999999950320766
52,LTX092_Da523_idx1,1.1548264740478902e-5,0.9999999985377976
52,LTX092_Da252_idx4,1.4855383665046806e-5,0.9999999983682184
52,LTX001_Da232_idx2,3.5216593174232494e-5,0.9999999896098405
52,LTX185_Da363_idx3,1.9027328540087133e-5,0.9999999977351215
52,LTX079_Da50_idx2,2.1851949123233137e-5,0.9999999958398967
52,LTX082_Da161_idx3,1.5038414400880617e-5,0.9999999985869258
52,LTX115_Da177_idx1,1.8580389806714862e-5,0.9999999983417456
52,LTX145_Da211_idx1,1.0319683993714238e-5,0.9999999994385934
52,LTX102_Da564_idx2,7.3683788748203165e-6,0.9999999995266609
52,LTX091_Da355_idx3,1.6212787392831393e-5,0.999999998571177
52,LTX109_Da530_idx2,8.807144424429592e-6,0.9999999994857618
52,LTX102_Da632_idx3,1.2953493671681128e-5,0.9999999984916663
52,LTX210_Da508_idx1,1.0212379625092808e-5,0.9999999993310026
52,LTX050_Da316_idx1,3.8727989389627853e-5,0.9999999875723766
52,LTX092_Da370_idx3,8.452399536404212e-6,0.9999999991870652
52,LTX092_Da523_idx2,3.6561083759945463e-6,0.9999999999392334
52,LTX193_Da153_idx3,2.254166638837087e-5,0.9999999956539596
52,LTX109_Da1569_idx2,3.3438951367185485e-5,0.9999999915202225
52,LTX092_Da252_idx1,2.0602638805843567e-5,0.9999999966763853
52,LTX102_Da632_idx2,1.724360367346902e-5,0.9999999984566778
52,LTX055_Da738_idx3,2.9192751278607533e-5,0.9999999931298978
52,LTX108_Da346_idx1,2.4210873604097344e-5,0.9999999966460408
52,LTX092_Da104_idx3,3.5871132388936276e-5,0.9999999869987144
52,LTX050_Da261_idx1,8.651620252829062e-6,0.9999999995955129
52,LTX073_Da277_idx1,2.9897021019704534e-5,0.999999995884817
52,LTX091_Da525_idx2,6.277727137506151e-6,0.9999999997766352
52,LTX013_Da153_idx3,1.692127377890097e-5,0.9999999984301613
52,LTX021_Da110_idx1,2.308149600693785e-5,0.9999999955728398
52,LTX206_Da250_idx1,2.1864066939981142e-5,0.9999999962691752
52,LTX049_Da1488_idx2,1.5135111154691388e-5,0.9999999981273724
52,LTX092_Da252_idx3,2.7716272572849173e-5,0.9999999951053353
52,LTX073_Da1081_idx1,2.3310409318434777e-5,0.9999999949001369
52,LTX156_Da2042_idx2,2.222459515419931e-5,0.9999999966843249
52,LTX102_Da847_idx2,6.503975876425367e-6,0.9999999995119495
52,LTX029_Da372_idx3,2.9565705972510918e-5,0.999999993959423
52,LTX001_Da374_idx1,4.104557805236987e-5,0.9999999867755898
52,LTX051_Da1513_idx1,4.8548329480708785e-5,0.9999999844039326
52,LTX160_Da242_idx3,2.525907547299807e-5,0.99999999417989
52,LTX051_Da435_idx4,3.3067280248240576e-5,0.9999999898523229
52,LTX055_Da409_idx2,1.933654563724911e-5,0.9999999983172192
52,LTX021_Da211_idx3,9.535069504826022e-6,0.999999999587001
52,LTX001_Da256_idx4,5.038215349347152e-5,0.9999999757220871
52,LTX049_Da134_idx1,1.448414874498461e-5,0.9999999987951269
52,LTX091_Da355_idx1,1.0127149837589904e-5,0.9999999988463503
52,LTX092_Da130_idx2,1.198343402226186e-5,0.9999999990608057
52,LTX102_Da610_idx3,2.5928387838845464e-5,0.9999999966820948
52,LTX156_Da195_idx2,1.8219516698423183e-5,0.9999999970906006
52,LTX102_Da610_idx2,1.0818884295248506e-5,0.9999999993960111
52,LTX051_Da435_idx5,2.0682765966715656e-5,0.9999999944301439
52,LTX013_Da148_idx2,2.3451062043034657e-5,0.9999999974409647
52,LTX092_Da524_idx2,1.6732081348128332e-5,0.9999999984664036
52,LTX082_Da161_idx2,2.113603762268598e-5,0.9999999962766695
52,LTX144_Da554_idx1,3.386243802706083e-5,0.9999999936910899
52,LTX206_Da250_idx3,2.6905927619603063e-5,0.9999999939778604
52,LTX051_Da328_idx3,2.7164891728732104e-5,0.9999999958663811
52,LTX102_Da672_idx1,1.4337143330552945e-5,0.9999999984267203
52,LTX051_Da328_idx2,1.696605422012787e-5,0.9999999981781591
52,LTX051_Da328_idx1,2.4305307116143787e-5,0.9999999942479458
52,LTX001_Da163_idx2,3.4134253617939206e-5,0.9999999917209526
52,LTX073_Da196_idx3,2.218112302814942e-5,0.9999999970822891
52,LTX049_Da334_idx1,2.2225771982286227e-5,0.9999999971038142
52,LTX049_Da1564_idx1,1.318996762452435e-5,0.9999999981889104
52,LTX082_Da1219_idx1,1.2056499994596691e-5,0.9999999990239931
52,LTX013_Da153_idx1,2.1776748588797388e-5,0.9999999973226221
52,LTX091_Da268_idx1,8.78206503659763e-6,0.9999999995898583
56,LTX145_Da211_idx3,8.689048469926863e-6,0.9999999996571922
56,LTX051_Da2067_idx1,1.3943429833195641e-5,0.9999999982351784
56,LTX029_Da372_idx1,3.9198300464805996e-5,0.9999999879673817
56,LTX092_Da378_idx5,1.5438790291452404e-5,0.9999999984767095
56,LTX144_Da246_idx2,2.9934206496144455e-5,0.9999999919915357
56,LTX055_Da738_idx1,1.5614702248804124e-5,0.9999999981642553
56,LTX102_Da672_idx2,2.239293976972045e-5,0.9999999962923026
56,LTX062_Da313_idx2,2.8455728253400483e-5,0.999999992573915
56,LTX051_Da294_idx1,1.0426091734274892e-5,0.9999999992158198
56,LTX051_Da1230_idx2,2.9585831785344387e-5,0.9999999957631027
56,LTX100_Da336_idx3,3.0921274709866634e-5,0.9999999947790517
56,LTX001_Da256_idx1,2.4658285161683224e-5,0.9999999958715557
56,LTX102_Da847_idx1,1.653711421718629e-5,0.9999999980225535
56,LTX013_Da154_idx3,1.632677141801705e-5,0.9999999981032721
56,LTX021_Da106_idx1,1.5492205963198604e-5,0.999999998343632
56,LTX156_Da195_idx1,1.6554836619823242e-5,0.9999999978360176
56,LTX100_Da336_idx2,1.671522570999881e-5,0.9999999966896022
56,LTX145_Da318_idx1,2.3334267273222787e-5,0.9999999960794267
56,LTX001_Da107_idx1,2.8962637980894057e-5,0.999999993161924
56,LTX055_Da2158_idx3,1.0780707025296414e-5,0.9999999991409625
56,LTX108_Da1561_idx1,1.1317144220513143e-5,0.9999999991025507
56,LTX210_Da691_idx1,1.7068420228364076e-5,0.9999999984697701
56,LTX055_Da1309_idx1,2.1888452291762577e-5,0.9999999962363568
56,LTX001_Da256_idx2,3.925499193702015e-5,0.9999999877305353
56,LTX051_Da435_idx2,2.3158414905330224e-5,0.9999999975053302
56,LTX073_Da501_idx2,1.851995776773539e-5,0.9999999969774774
56,LTX115_Da177_idx2,1.2148908482384213e-5,0.9999999992115756
56,LTX049_Da1488_idx1,1.528236657982611e-5,0.9999999977431001
56,LTX051_Da2067_idx2,3.2168179641019346e-5,0.9999999917317635
56,LTX029_Da2340_idx1,1.5564401002346616e-5,0.9999999979640232
56,LTX145_Da318_idx4,1.2779601142622516e-5,0.9999999986025415
56,LTX021_Da110_idx3,2.7749034917277252e-5,0.9999999954039638
56,LTX092_Da379_idx3,1.8516798301538206e-5,0.9999999982065191
56,LTX092_Da523_idx1,1.1369517601232024e-5,0.9999999990246999
56,LTX092_Da252_idx4,1.9223109993828535e-5,0.9999999975115926
56,LTX001_Da232_idx2,3.288580030249347e-5,0.9999999915844044
56,LTX185_Da363_idx3,1.4611758446390163e-5,0.9999999989960082
56,LTX079_Da50_idx2,2.5598780840172724e-5,0.9999999961230907
56,LTX082_Da161_idx3,2.3219667283413772e-5,0.9999999972515957
56,LTX115_Da177_idx1,2.0073813676556826e-5,0.9999999970818041
56,LTX145_Da211_idx1,1.0544277103332059e-5,0.9999999993611874
56,LTX102_Da564_idx2,1.6710381830970637e-6,0.9999999999880749
56,LTX091_Da355_idx3,1.5244659402656071e-5,0.9999999990059387
56,LTX109_Da530_idx2,1.0570979779924235e-5,0.9999999994755245
56,LTX102_Da632_idx3,1.3111825406523347e-5,0.9999999990750432
56,LTX210_Da508_idx1,7.2112404406279265e-6,0.999999999290432
56,LTX050_Da316_idx1,3.989822671385388e-5,0.9999999893327786
56,LTX092_Da370_idx3,6.8220405338042345e-6,0.9999999997434986
56,LTX092_Da523_idx2,3.964305105731085e-6,0.999999999892344
56,LTX193_Da153_idx3,2.5077979710430987e-5,0.99999999725616
56,LTX109_Da1569_idx2,3.474317692307464e-5,0.9999999915062188
56,LTX092_Da252_idx1,1.779329238631981e-5,0.9999999970855459
56,LTX102_Da632_idx2,2.0246862745049567e-5,0.9999999980758202
56,LTX055_Da738_idx3,2.4006906220045135e-5,0.9999999967846176
56,LTX108_Da346_idx1,1.8541347903990926e-5,0.9999999977509336
56,LTX092_Da104_idx3,3.36356161921251e-5,0.9999999904477306
56,LTX050_Da261_idx1,1.59145935481404e-5,0.9999999977898034
56,LTX073_Da277_idx1,3.687348093254496e-5,0.9999999918950615
56,LTX091_Da525_idx2,6.130212536160611e-6,0.999999999779061
56,LTX013_Da153_idx3,1.671703274475711e-5,0.9999999983498461
56,LTX021_Da110_idx1,2.6763962978689463e-5,0.9999999938630989
56,LTX206_Da250_idx1,1.1230497064029837e-5,0.9999999994756442
56,LTX049_Da1488_idx2,2.1008860199435878e-5,0.9999999957917225
56,LTX092_Da252_idx3,2.422180283228142e-5,0.9999999957881925
56,LTX073_Da1081_idx1,2.5852930012672212e-5,0.9999999915892142
56,LTX156_Da2042_idx2,2.459419818389917e-5,0.9999999956545698
56,LTX102_Da847_idx2,7.552847886666677e-6,0.9999999993246621
56,LTX029_Da372_idx3,4.097013359609714e-5,0.9999999884730011
56,LTX001_Da374_idx1,2.9666567866850453e-5,0.9999999947793305
56,LTX051_Da1513_idx1,4.0452408212809284e-5,0.9999999916086998
56,LTX160_Da242_idx3,2.1039476344756255e-5,0.9999999962467734
56,LTX051_Da435_idx4,2.3387837291634126e-5,0.9999999971613347
56,LTX055_Da409_idx2,1.8011017688343524e-5,0.999999997204289
56,LTX021_Da211_idx3,1.3292749595081001e-5,0.9999999991641088
56,LTX001_Da256_idx4,5.725904626040999e-5,0.9999999725810759
56,LTX049_Da134_idx1,1.5528228112111158e-5,0.9999999984399877
56,LTX091_Da355_idx1,9.287564717984995e-6,0.999999999129549
56,LTX092_Da130_idx2,1.135272987815023e-5,0.9999999990016204
56,LTX102_Da610_idx3,3.181859707155151e-5,0.9999999914893993
56,LTX156_Da195_idx2,1.3445836785338694e-5,0.9999999985431753
56,LTX102_Da610_idx2,9.061313972756977e-6,0.999999999253363
56,LTX051_Da435_idx5,2.084192884759709e-5,0.9999999959388762
56,LTX013_Da148_idx2,2.828313589544504e-5,0.9999999963544078
56,LTX092_Da524_idx2,2.003845568911093e-5,0.9999999958988135
56,LTX082_Da161_idx2,2.268847717805997e-5,0.9999999959097643
56,LTX144_Da554_idx1,2.1369665951582597e-5,0.9999999970887233
56,LTX206_Da250_idx3,3.354731916377364e-5,0.9999999920931438
56,LTX051_Da328_idx3,2.5279018390843918e-5,0.999999996032331
56,LTX102_Da672_idx1,2.408510416182457e-5,0.9999999962871626
56,LTX051_Da328_idx2,1.577322601061945e-5,0.9999999980172284
56,LTX051_Da328_idx1,1.617611673307862e-5,0.999999997403986
56,LTX001_Da163_idx2,2.6965964775576825e-5,0.9999999964957255
56,LTX073_Da196_idx3,2.6435436541361263e-5,0.9999999952500787
56,LTX049_Da334_idx1,1.904365307279652e-5,0.9999999982440886
56,LTX049_Da1564_idx1,1.2198378390663855e-5,0.9999999987686229
56,LTX082_Da1219_idx1,1.2010345819861083e-5,0.9999999990218461
56,LTX013_Da153_idx1,2.8256074281888653e-5,0.9999999944253143
56,LTX091_Da268_idx1,6.586164747922942e-6,0.9999999996110432
