,ROI,ECM_dim0_umap_coord1,ECM_dim0_umap_coord2,ECM_dim1_umap_coord1,ECM_dim1_umap_coord2,ECM_dim0_PCA_coord1,ECM_dim0_PCA_coord2,ECM_dim1_PCA_coord1,ECM_dim1_PCA_coord2,ECM_dim0_entropy,ECM_dim0_number_of_points,ECM_dim1_entropy,ECM_dim1_number_of_points,cancer_dim0_umap_coord1,cancer_dim0_umap_coord2,cancer_dim1_umap_coord1,cancer_dim1_umap_coord2,cancer_dim0_PCA_coord1,cancer_dim0_PCA_coord2,cancer_dim1_PCA_coord1,cancer_dim1_PCA_coord2,cancer_dim0_entropy,cancer_dim0_number_of_points,cancer_dim1_entropy,cancer_dim1_number_of_points,leukocytes_dim0_umap_coord1,leukocytes_dim0_umap_coord2,leukocytes_dim1_umap_coord1,leukocytes_dim1_umap_coord2,leukocytes_dim0_PCA_coord1,leukocytes_dim0_PCA_coord2,leukocytes_dim1_PCA_coord1,leukocytes_dim1_PCA_coord2,ECM_leukocytes_dim0_entropy_x,ECM_leukocytes_dim0_number_of_points_x,ECM_leukocytes_dim1_entropy_x,ECM_leukocytes_dim1_number_of_points_x,ECM_cancer_dim0_umap_coord1,ECM_cancer_dim0_umap_coord2,ECM_cancer_dim1_umap_coord1,ECM_cancer_dim1_umap_coord2,ECM_cancer_dim0_PCA_coord1,ECM_cancer_dim0_PCA_coord2,ECM_cancer_dim1_PCA_coord1,ECM_cancer_dim1_PCA_coord2,ECM_cancer_dim0_entropy,ECM_cancer_dim0_number_of_points,ECM_cancer_dim1_entropy,ECM_cancer_dim1_number_of_points,ECM_leukocytes_dim0_umap_coord1,ECM_leukocytes_dim0_umap_coord2,ECM_leukocytes_dim1_umap_coord1,ECM_leukocytes_dim1_umap_coord2,ECM_leukocytes_dim0_PCA_coord1,ECM_leukocytes_dim0_PCA_coord2,ECM_leukocytes_dim1_PCA_coord1,ECM_leukocytes_dim1_PCA_coord2,ECM_leukocytes_dim0_entropy_y,ECM_leukocytes_dim0_number_of_points_y,ECM_leukocytes_dim1_entropy_y,ECM_leukocytes_dim1_number_of_points_y,cancer_leukocytes_dim0_umap_coord1,cancer_leukocytes_dim0_umap_coord2,cancer_leukocytes_dim1_umap_coord1,cancer_leukocytes_dim1_umap_coord2,cancer_leukocytes_dim0_PCA_coord1,cancer_leukocytes_dim0_PCA_coord2,cancer_leukocytes_dim1_PCA_coord1,cancer_leukocytes_dim1_PCA_coord2,cancer_leukocytes_dim0_entropy,cancer_leukocytes_dim0_number_of_points,cancer_leukocytes_dim1_entropy,cancer_leukocytes_dim1_number_of_points,combined_umap_coord1,combined_umap_coord2,combined_PCA_coord1,combined_PCA_coord2
0,CRUK0037_R5_ROI_1,3.829945551670885,-0.4691763580414036,6.734361215197607,0.0197103053486372,4.83484053079119e-05,8.585258950266796e-05,5.533430880833405e-06,-4.345865110421912e-05,0.5887075828424688,900.0,0.5008970561642535,160.0,-9.83153950715807,-5.774606201232237,7.496513861762683,7.308457742142486,-0.0012415054115532,-0.0004173267184891,9.966318249764488e-05,3.430699572689218e-05,0.1417519794544205,5,0.0,0,-7.893876892406415,-3.7180632279854,1.8908140575027788,-4.787697251819212,-0.0008509337022581,-0.0003975264193729,5.874937903990665e-05,2.476557620992833e-05,,,,,,,,,,,,,,,,,,,,,,,,,,,,,,,,,,,,,,,,,,,,
1,CRUK0052_R4,10.412628227072464,-5.1425150815970015,-2.664238355160452,4.356075935592859,-0.0002719212781345,-7.165157301976296e-06,-6.288789726426295e-05,1.2902138841096703e-05,0.5433218488504343,445.0,0.4435145737746196,59.0,14.86677741491734,4.5534390194724,7.925220878896771,-6.036801060719221,0.0041031820977221,-0.000762530116338,-0.0005643891315332,0.0001569324556757,0.6545536260175779,2338,0.6190387287602473,666,-2.7398373998058947,3.1555748051301773,3.4352008920166544,-3.053524324538861,-0.0005419560368844,6.270246759855447e-06,4.382708944538454e-05,1.5481937093508463e-06,0.3771921580517816,38.0,0.3496327522361573,17.0,-0.3495694446949592,-9.008427999267614,0.1447852738596209,1.084485007864281,-9.886669793024826e-05,4.803169750023482e-05,2.852406772497031e-05,-2.6499878496912136e-05,0.4562525168369166,76.0,0.4445795287785797,41.0,-8.1399118926736,0.9943000539938311,-3.346792298960683,1.3908845796818474,3.58382850895806e-05,-9.68918893771386e-06,8.545520670873867e-06,2.8737938210062408e-06,0.3771921580517816,38.0,0.3496327522361573,17.0,-0.274170165126129,-4.058218690853034,0.4133863380784962,5.317645431061788,-8.699464866173948e-05,-3.2705646036963086e-06,3.311931308335662e-05,-1.3342873743218463e-05,0.3984145213973526,48.0,0.4038410164807067,26.0,3.605773258383636,4.306060738520832,0.0037909829811427,0.0012099756858117
2,CRUK0037_R5_ROI_2,5.249590411899158,-1.7446034384807687,1.6803457015754644,5.274611567813761,-3.2949650385312656e-05,-4.477645306395647e-05,-2.8164699631268745e-05,1.5925343961696816e-05,0.6130909372552086,1131.0,0.4999460684967058,187.0,2.8098114620229966,4.69850375358942,2.281506040198724,2.968901663360949,-0.0001549792583453,-1.244516739533012e-05,4.999581828041966e-05,-2.0492080582862865e-05,0.549845355797609,475,0.4341229481057346,70,-4.079048262271097,2.085732382774568,0.3764233029923814,-4.604251040938874,-0.0005927030334501,-8.180337498253365e-05,5.877745569978397e-05,2.023167530202672e-05,0.4049155332085265,53.0,0.3517576087036163,31.0,-0.0793055639881006,-6.272945786453598,1.3404601937436451,1.5572759091504988,-2.998848639902046e-05,1.8012776715563174e-05,1.2066027734978344e-05,1.015375539465743e-05,0.4272371725068937,55.0,0.3429494542313848,21.0,-8.390564104292979,2.4826699865573456,-5.5732376053489645,1.613441713139006,1.908540213116349e-05,8.77915343335028e-06,1.0017326740365696e-05,1.568266061287172e-05,0.4049155332085265,53.0,0.3517576087036163,31.0,-4.310711724264857,-2.1069416638264973,0.7249911117798546,3.349129704206032,2.7618431090956693e-05,-5.123688789637298e-05,6.615894694969791e-06,9.75104621019122e-06,0.3322982799892907,19.0,0.2957312575842356,9.0,-1.8363795987264429,-1.211945176717933,-0.0005110874436978,0.0006043666519485
3,CRUK0001_R3_ROI_1,4.640616029700643,-0.9412004040201524,2.9859925102958176,4.021695199226569,-4.137733411885146e-06,2.059525753202105e-05,-1.592748334463755e-05,-2.1814991804224653e-05,0.5980925266038128,1002.0,0.4912115500193463,159.0,-4.32886872819024,-0.1610577268389354,5.388676421239882,4.658511644535612,-0.0008785444099914,0.0002495564761531,9.621218270106422e-05,1.9810225802091043e-05,0.4635547776637791,137,0.3184338158512524,25,-4.034004262021307,1.7201624439387662,0.5955531639367739,-5.266992475611573,-0.0007015033238654,-9.956249764796555e-05,5.98058493865806e-05,1.8034328324790007e-05,0.3982636217948879,50.0,0.3288182869636937,22.0,-0.1098153231978303,-10.02671503275134,0.6783326430079976,-0.3445420289513049,-8.55144432848044e-05,-1.446549802728894e-05,1.475961184768062e-05,3.4052443952467454e-07,0.4364092330926293,69.0,0.3959529039929852,28.0,-3.808451201046148,0.4474494785743034,-5.8876253890695205,1.4292568859426051,1.4787038273319189e-05,4.917172809565167e-05,5.677779625734956e-06,2.7821994498933152e-05,0.3982636217948879,50.0,0.3288182869636937,22.0,-3.9831374037562006,-2.2082651553098867,-0.2431442861991435,1.992163315136532,1.9016459737485903e-05,-6.962029193183206e-05,-1.872909691431019e-05,2.6227557881594736e-05,0.3533298866137415,29.0,0.2992425552539729,11.0,-1.4511183863798134,-3.412766016875572,-0.0012634858606989,0.0005823602535971
4,CRUK0009_R3_ROI_1,10.179873291330846,-2.907888527460152,-1.9544489970165997,4.139092015832714,-0.0002059253946857,-5.037331820530675e-05,-4.954492740409923e-05,1.771519888871147e-05,0.5843883816235534,715.0,0.4412571422925552,104.0,14.971328941462884,4.657823339320611,8.068061860377808,-5.9082703716884,0.0033536872470258,-0.0004778543318848,-0.0004261980357066,5.45280819713724e-05,0.6431240587627823,1889,0.5902838636188849,499,-5.907534152223241,-1.7816862547818213,2.462523123715843,-5.373421009095905,-0.0006800149543391,-0.0003246980767427,5.71388294639423e-05,2.5581561041268644e-05,0.3484276600941746,33.0,0.2224165747941728,9.0,-0.2743382779978503,-8.537131363534128,0.1582146709131938,1.614309532784975,-6.468147047536112e-05,5.162231138164156e-05,1.2874077882322486e-05,-2.162668168937901e-05,0.4414194588993472,81.0,0.4131265056023712,38.0,-7.531148381537814,-0.5014532098854423,-4.453135780416092,0.1103135416253001,5.164942329569999e-05,-7.979480134229871e-06,3.107951840298979e-05,-1.4437955950631048e-05,0.3484276600941746,33.0,0.2224165747941728,9.0,-3.4906228137905235,-2.734620872373817,-3.147992403659908,3.4140051000989327,1.2943783421889882e-05,-0.0001018017248975,-1.8572490552903177e-05,1.3983336682947196e-05,0.363061142358241,32.0,0.2686172376555013,11.0,3.858284689939057,4.068886691849461,0.0029952747237611,0.0012280424301404
5,CRUK0002_R1_ROI_1,9.356630103023752,-2.4410247956293887,2.104999920129071,5.905078932034626,-0.0001376917409352,-1.8517808405859236e-06,-3.811897254556074e-05,-1.1788014323846587e-05,0.5771225978315482,725.0,0.4839937757425854,112.0,-1.8612674856381348,9.405837175984752,4.270168289308597,-5.686711847679734,0.0012858010918724,0.0004531833350297,-0.0001165445038201,-0.0001262185942694,0.5916162713327315,855,0.5171094089703712,180,0.2933881488353893,4.167889489407464,3.965156435750825,-3.0823923865273604,-0.0004346819788797,0.0002051190474907,5.041744743549383e-05,3.5423179856893487e-06,0.3756755329630747,40.0,0.3570448711323989,18.0,0.2764748624633785,-5.870130896219042,0.9861440567981656,2.017559427565157,-2.232008407557648e-05,2.523892276786988e-06,1.3962731174151686e-05,-1.8890127058277645e-06,0.4332699526149427,66.0,0.3763202740129943,29.0,-8.917063580683273,0.6538340487036732,-5.493468573689913,-0.2754207137446759,3.633904769771038e-05,-2.158770879356138e-05,1.9847647201058647e-05,-5.82353787203291e-06,0.3756755329630747,40.0,0.3570448711323989,18.0,-0.0503004649553904,-3.1253106288274037,0.31915650909686,4.86645411088786,-6.764401931664468e-05,5.672972135465591e-05,1.829580425250746e-05,-8.044199266409838e-06,0.3955551651910525,45.0,0.3467391466834914,15.0,1.7784026648301534,3.437796668654669,0.0009209057846017,0.0006927719310408
6,CRUK0001_R2_ROI_2,0.9176226027127092,-3.195960141948952,6.0901998501450425,0.1983794079130189,0.0001339612354303,8.985651852298769e-05,2.8805016286589105e-05,-6.043491152913004e-05,0.597569975138861,1012.0,0.5127192492342075,193.0,-7.800385619295388,-4.037920596822027,6.134192044800784,5.278951899457455,-0.0011397037944164,-0.0002354267108217,0.0001003660784248,3.3756350832009115e-05,0.4001418414622765,70,0.2002147468228329,8,-0.1508402180075849,4.091055979561853,0.6986419482808958,-4.418984485262632,-0.0004903681622378,0.0001504816950269,5.994782196312103e-05,1.8108418660031746e-05,0.4287318561217338,60.0,0.3958713126408,31.0,1.879681347535107,-3.098990852015904,-0.6148663831112766,-0.6307536153406315,5.536505644897325e-06,-4.839939169193429e-05,1.424423116409118e-05,7.331489232754601e-06,0.4074828046462561,48.0,0.3474770530816129,20.0,-0.0502564728059114,-3.0497324392209664,0.574142441624206,1.4538408837044303,-3.997692984574068e-05,1.9375456068766103e-05,-2.237811287786773e-05,2.680582172653373e-05,0.4287318561217338,60.0,0.3958713126408,31.0,-6.648703147860167,-1.8911024599113435,0.2365653153965296,3.1977580764195483,5.782289536024288e-05,-1.1228574737673588e-06,-4.053062491764237e-06,6.307128937820062e-06,0.3588974613592879,29.0,0.2040120781240527,10.0,0.1792044250564446,-4.213780394272748,-0.001465737369154,0.0003476931092758
7,CRUK0024_R7_ROI_1,9.796202033814604,-2.703244099066805,-1.8866260082754984,4.056683201107183,-0.0001668659949815,-1.8362815084955447e-05,-4.4760041980934576e-05,1.923362912187248e-05,0.5841173038086386,773.0,0.4643255535077455,131.0,-1.2506553715096105,9.281166700269909,4.343248323858197,-6.266845935002158,0.0013156516724984,0.0002911723158253,-0.0001432904177877,-8.208212777108836e-05,0.593023943574421,823,0.5302188435466915,190,0.951588330059691,4.892026179748272,3.6992254248745366,-1.5756923058604393,-0.0003118226649155,0.0003171252022697,5.091987474579156e-05,-2.2467471656461897e-05,0.3960267122788679,49.0,0.3333936201876324,19.0,-0.1177977741782013,-1.6389405476950658,-1.2477272683271732,-3.461328450679512,5.204328735921533e-05,-1.6746135685319787e-05,-1.202308542998396e-05,3.656464254147197e-06,0.3807758595249419,37.0,0.3723158673809154,21.0,-8.601281038567816,2.035235544187613,-6.253873738836846,0.5874288029200134,1.695986942315493e-05,5.197384775810989e-06,2.1052312687922705e-05,1.095529395837633e-07,0.3960267122788679,49.0,0.3333936201876324,19.0,2.948459355865421,-5.0761848816487625,2.5821429956772204,6.08010204048002,-0.0001498384513498,-1.5975090506133423e-05,7.792812784819121e-05,-5.86998206845402e-06,0.4173431078966528,57.0,0.3898288636926525,30.0,2.129770510360139,3.5458025680624905,0.0009852487999828,0.0005857527089566
8,CRUK0004_R3_ROI_1,8.680437326976783,-3.084204702665596,2.035242424011267,6.224366107014813,-0.0001780105365724,7.287333681930657e-05,-4.0062945275407866e-05,-1.8829097994197533e-05,0.5393425573262255,423.0,0.4424445339846553,73.0,0.5953232882797906,1.4204672657503434,2.313535703214004,3.2593937834779725,-0.0006696058315133,0.0001283819755513,7.147940707350535e-05,-3.0978650071885472e-06,0.4780284623879049,184,0.3868164135009994,37,-0.2238946312903192,4.295945559609018,3.501934036894481,-1.7639380382882706,-0.0005094989676637,0.0002151484952472,5.211873177417973e-05,-1.03171610440964e-05,0.4203001607148952,57.0,0.3637547173364862,22.0,-0.6715149545206671,-0.2682141174245479,-3.841310495531131,-4.133784572871205,0.0001231431897616,5.1993890126052255e-05,-2.270368743086529e-05,-5.692106921523676e-06,0.3078312421662362,18.0,0.2840425175434015,7.0,-9.23978450357464,2.1744542170347314,0.1396079245771886,1.5281570875551442,8.56896191297724e-06,-7.989650385142167e-07,-1.212263649293822e-05,1.7976617419389787e-05,0.4203001607148952,57.0,0.3637547173364862,22.0,-1.317668359861066,-4.329407290473037,-0.6285838373019383,4.739977942992017,-1.4871157473768716e-05,3.106720924221409e-06,6.859159088629493e-06,-1.8685282275542335e-05,0.3542859652755621,25.0,0.3441846768636413,13.0,-0.8894122333938539,-1.3530622781731516,-0.0010021902434833,0.0004660474302849
9,CRUK0009_R3_ROI_2,5.513841559306776,-1.9472813272535403,1.6303709155061177,4.402920459388717,-7.253789172400783e-05,-7.401364009618822e-05,-1.3447941059279829e-05,2.215496666266396e-05,0.6102803430324184,1101.0,0.5185315260239035,200.0,15.05324084899856,4.739682995390648,8.282790355474766,-5.682937438603127,0.0030512186554573,-0.0004740505787985,-0.0004037231477099,6.416307133358716e-05,0.6408360991351995,1808,0.5868974831307591,461,0.6191340458168777,4.193884411011378,1.315739735520462,-4.041131774090751,-0.0003512663903662,0.0002150293105675,5.429112634946144e-05,8.065324704114306e-06,0.4284390880264064,57.0,0.3627372489042827,20.0,-0.4896399772031882,-7.462578610859979,0.3138107894524142,1.777066536979681,-5.294945334675508e-05,3.8224503656188775e-05,2.23292340656529e-05,-2.0378715741579795e-05,0.4460582720073821,65.0,0.3815668813744378,29.0,9.791370824577646,1.6263651847939238,-2.6342669265346825,0.8639204929868873,-2.214704149011283e-05,-1.5720358435025084e-05,-3.2760531496432754e-06,-4.268058196002687e-06,0.4284390880264064,57.0,0.3627372489042827,20.0,3.2187684119417868,-5.151606258518548,1.7401812791139435,5.911313728352021,-0.0001619643035066,-5.566349543162056e-06,4.066448786798065e-05,1.4608475696841495e-06,0.4202877668624205,52.0,0.350980144435584,24.0,3.745284643896568,4.115805859057217,0.0027447884599914,0.000859965703485
10,CRUK0036_R2_ROI_2,10.646298433187212,-5.764836579348157,-3.29943183451763,5.0934743150726,-0.0003148970049696,-4.414616349366656e-05,-7.068133266773144e-05,2.457508727160759e-05,0.5450107569150368,452.0,0.3458911837326001,49.0,-2.1938322159455867,9.672917382339982,4.282291683229261,-5.101108299466623,0.0010263008131674,0.0006704794791537,-4.922100040160565e-05,-0.0001427405819263,0.5764601982840823,698,0.4942024057916153,139,-6.783782066551184,-3.126308925543783,2.1633190528681285,-5.349150712615229,-0.0008516562160384,-0.0003431652829289,5.874964788830032e-05,2.476619237526917e-05,,,,,0.1739301810316119,-3.817629152448306,0.1352008378962104,-0.3515092671352383,1.1687558004182408e-05,-1.645177702797065e-05,4.418751612410713e-06,6.244183926121035e-06,0.4166453075879266,56.0,0.3492847233588374,22.0,,,,,,,,,,,,,,,,,,,,,,,,,,,,
11,CRUK0006_R2_ROI_2,0.1097779103928395,-1.7704578688896124,7.43341009401393,-1.031637382722369,0.0001967566177508,5.976891981820669e-05,4.271097900442737e-05,-4.3421680284092414e-05,0.6127885787974571,1284.0,0.5521520569376517,261.0,-9.947242297820967,-6.216651648423104,7.693217818413743,7.8518307395631854,-0.0012449857947602,-0.0004232549937515,9.966318249764488e-05,3.430699572689218e-05,0.2403763470968847,11,0.0,0,8.463419128723695,-1.3529239149884815,6.468369550756242,1.0848669303611265,0.0010736685114162,9.850064698751593e-05,-0.000118699257433,-3.826917392476829e-05,0.4362269894881678,74.0,0.4126774909161498,32.0,,,,,,,,,,,,,9.385739412155742,2.0555920517174404,0.3509095757398005,-0.0865716961344235,-2.9691483704083563e-05,-2.91130891360166e-05,-2.223523399802887e-05,-2.0981570146257074e-05,0.4362269894881678,74.0,0.4126774909161498,32.0,,,,,,,,,,,,,,,,
12,CRUK0001_R2_ROI_1,1.1179693495175846,-2.969423383452628,6.82861550296021,0.4176737527855998,0.0001227339311835,7.296204296505169e-05,1.2231627997059298e-05,-3.678443275910452e-05,0.6023017776452037,1091.0,0.5248797903109799,204.0,-2.3255378189124283,-1.029385255485174,7.534706424727199,6.432024527325182,-0.0009800249077059,-6.580482106864307e-05,9.664453064334608e-05,2.826525252811829e-05,0.4337684037255606,109,0.3103969885655207,12,0.1557514273599229,4.328502811915508,-1.86944323358928,-6.942278248128533,-0.0004953798100254,0.0002203063640871,5.891189090953342e-05,2.0005720323577094e-05,0.4250081235247306,59.0,0.3769337378528187,28.0,1.20998822247046,-3.9564659691311257,-3.194924730425218,-5.1336208750838095,2.5977752423571774e-06,-2.365028506197543e-05,-1.6274201066288135e-05,-1.094112803320417e-05,0.3993125524013104,42.0,0.3700855918399828,20.0,-0.0657189402250031,-3.790067361738551,0.1564469021362947,1.9094897082847524,-1.64174442497978e-05,2.5796210108403866e-05,-9.560118759684146e-06,2.886207172525964e-05,0.4250081235247306,59.0,0.3769337378528187,28.0,-5.260670805125987,-4.309217026808723,-2.587820308303655,3.8595585886872743,3.013595977600996e-05,-4.357997693612433e-05,-2.028968575635563e-05,-3.571302097799562e-06,0.3423179331734505,29.0,0.2131754570306425,10.0,-0.0708077809610142,-4.067568329792891,-0.0013173934558271,0.0003817439324499
13,CRUK0036_R2_ROI_1,9.861675343979842,-2.5446625702048964,-1.560067810908272,3.941639153137608,-0.000151472052188,-5.0752379369722544e-05,-3.7667804442352606e-05,2.011029562944189e-05,0.591261963369609,832.0,0.4760841073783872,133.0,-1.607474676825821,9.315503481476377,4.247410841452955,-6.427362007876605,0.0013871265032582,0.0004247705769478,-0.0001330721101547,-7.824624495737159e-05,0.5892923315176849,828,0.5044208118500321,185,-6.142698636375438,-2.613285830780173,2.710968923689815,-5.745690570854241,-0.000779257731754,-0.0003124363513304,5.944634607254014e-05,2.598692669308037e-05,0.3153001645706538,24.0,0.1963716058580659,6.0,0.1043455571139274,-3.289695115501296,-2.7106343529418973,-4.575993021562154,6.066331705840458e-05,-1.773520866405195e-05,-1.2083212342587416e-05,7.047277435988832e-07,0.3755345885207483,38.0,0.3239836986249121,14.0,-7.381674763749772,-0.897603980641262,-4.662930077236478,0.1837648603226824,7.995583157393382e-05,-2.0933791431878893e-06,3.1391586058253445e-05,-2.285787932322951e-06,0.3153001645706538,24.0,0.1963716058580659,6.0,-6.808797845072192,-3.3744521656918205,-2.9656626241567112,2.969514377149024,0.0001098902479881,4.231679432206751e-07,-3.775969354322711e-05,1.1781000697700349e-05,0.325723923018679,24.0,0.206019967300266,6.0,1.1326800994683486,3.5503617938554104,0.0009614173764502,0.0010388606541035
14,CRUK0002_R1_ROI_2,8.199034431277939,-2.4580795345449125,1.9684135331358148,5.656948014033332,-0.0001006865922698,2.8996500186243805e-05,-3.623380544226103e-05,-6.76136316013824e-06,0.5809139579706046,804.0,0.4924467189182643,140.0,-0.4696322001287555,4.687541149400911,0.7766728669992874,-1.1259321205418713,0.0002517220821512,0.0005440064959427,1.4640410103971877e-05,-5.219235516226706e-05,0.5496861456028936,467,0.4640242091964084,91,-3.202073966622359,1.968452162509312,3.509153573433576,-3.6160092105272823,-0.0007163127450052,-0.0001536777881322,5.589460209486073e-05,2.068022215189374e-05,0.3602805208226852,36.0,0.318380169833304,13.0,2.011071091347695,-3.631210857158033,-1.9807721501049127,-3.19623846645418,1.893403907076159e-05,-7.013147697254756e-05,-7.016326209108833e-06,2.298976132204461e-05,0.3906894982554433,41.0,0.385755360665159,23.0,-8.72954965343878,0.7739424329998804,-4.83428474728979,-0.2857983315878232,3.796252845914169e-05,-1.7909587415582106e-05,2.7296447069429492e-05,-6.641420547897231e-06,0.3602805208226852,36.0,0.318380169833304,13.0,-4.00916575835123,-2.1462544550493967,-2.237465563478203,1.1737685834245126,5.767170522400476e-05,-4.818732262093039e-05,-2.7242970930257344e-05,-4.089817874526719e-06,0.336543303284847,20.0,0.2301777721401263,6.0,-2.232887188347386,-0.750506389323477,-0.0001657654189986,0.0007859427526886
15,CRUK0047_R1,10.741474729140116,-5.951040739185824,-2.001532172098532,3.892186007421467,-0.000320581519497,-9.609259675775812e-05,-5.585312295366313e-05,2.4986977621677135e-05,0.5677663502523865,536.0,0.4942980172875009,85.0,-9.494023899353971,-5.451274654798027,7.866278066140373,7.3567598325427825,-0.0012333231630667,-0.0003894461989444,9.966318249764488e-05,3.430699572689218e-05,0.2162502419305458,12,-0.0,1,-8.031342357883181,-3.8468514130537663,3.2541171527128108,-3.9100974094820766,-0.000779540463161,-0.0003989782667988,5.726766654794387e-05,2.162460789835134e-05,,,,,,,,,,,,,,,,,,,,,,,,,,,,,,,,,,,,,,,,,,,,
16,CRUK0034_R1_ROI_2,2.0969839578471463,-1.6859441641035846,7.663578783645135,-0.1432401182746136,0.0001249951193632,1.6415759776650504e-05,2.6867016779649944e-05,-2.460664137047868e-05,0.6176650218364712,1322.0,0.5276164527506175,235.0,-4.442459203879838,-0.2717540786403389,4.979424936130191,4.9503434513981786,-0.0009332263176249,0.0002030593009422,9.581905796040136e-05,1.925033456446688e-05,0.4589775158160402,139,0.3682750790634218,25,10.02342507775442,-3.168509581868744,7.025672262114783,2.228758320019513,0.0034174473892069,-0.0005098000214871,-0.0004246046893545,4.265498690048413e-05,0.4730256392052058,100.0,0.4433802235435028,56.0,0.2526721160963787,-10.504095747918589,1.2524891468810109,-0.330650486035939,-0.0001049177913797,-4.297015842506535e-05,2.536575389525309e-05,1.6324900703194454e-05,0.4430041230240268,71.0,0.4172390558024715,35.0,-4.104001187178566,-5.584078222205385,1.2545652602322572,-0.2713977119470194,-9.522506609051512e-05,-1.7134380556200737e-05,-5.895049830162823e-05,-1.3879675148248508e-06,0.4730256392052058,100.0,0.4433802235435028,56.0,3.2378884944437605,-4.590727183669714,2.343930788374874,5.428323573555341,-0.0001761309350987,-9.702395732122693e-05,4.154520068402948e-05,2.7067890816338836e-05,0.4138478291148092,56.0,0.3816495133793639,23.0,4.352040581296398,0.3361871764443752,-0.0006683384261357,-0.003544194564672
17,CRUK0024_R8,4.257884230956464,-0.7587881844580723,3.167572181011028,3.8860863161755863,2.0521590668701564e-05,5.2667428220862526e-05,-1.6543185538282137e-05,-2.427261913378417e-05,0.5927411928893973,906.0,0.4992647366908476,147.0,-4.563251451572381,-0.6703048373291417,4.608544254523945,4.732912413417096,-0.0008628124517041,7.682338801141177e-05,9.38061998398037e-05,1.4201097123378587e-05,0.4641911109720757,154,0.3747677241188788,30,-6.295831359905618,-1.3454542546848411,2.587882575964524,-5.779665850239466,-0.0008357086050881,-0.0002833153972307,5.887150601132603e-05,2.508751736967825e-05,0.3555471638027429,28.0,0.3006170646895111,12.0,2.560114207428901,-3.566705295746499,1.3472992691906225,1.3486407906968416,-1.6484190207734952e-05,-5.2808339476438266e-05,2.1948129091389644e-05,9.079803706887711e-06,0.4132250297333055,51.0,0.3766912666054097,23.0,-4.388282742250801,0.8794602632205324,-5.751346998355035,-0.4777821654891351,5.758222474291578e-05,4.211529024871793e-05,3.291416404154938e-05,-2.4998059467706348e-06,0.3555471638027429,28.0,0.3006170646895111,12.0,-5.915586482981617,-3.4704522638412025,-2.2984024367501927,1.233942553664522,0.0001076665943801,2.9447747291692612e-05,-2.8755369310606637e-05,-8.077858228193562e-06,0.2842590117467747,17.0,0.2525116241205078,7.0,-1.4809739103377664,-3.799887309629401,-0.0012652349645378,0.0007113280577693
18,CRUK0041_R2_ROI_1,-9.419854368194954,-6.297067964193763,14.31014244317004,-2.6051173918006314,0.0002574335793675,-8.977535245450672e-05,8.98022816691752e-05,3.28940357890758e-05,0.6476779439354623,2017.0,0.5711322452322599,432.0,0.7793373759457588,1.563595558259303,2.506042523304889,3.2553228933088905,-0.0004292875486374,5.923483457381255e-05,6.487873977854848e-05,-1.1630896930004103e-05,0.5070690940249609,262,0.4106667742379434,42,-6.248956046349834,-1.2209055642543762,-1.5099369728547278,-7.033234142978066,-0.0008332626013997,-0.000266644589562,5.562954868272762e-05,2.1490090812130733e-05,0.3609528261365334,29.0,0.339532022556018,18.0,-0.2376611649719846,-5.45950767104615,-2.7625938407286177,-5.113629214014685,-1.3671731645969806e-05,1.528596498526018e-05,-5.357474312041729e-06,-8.864644995905093e-06,0.418843273746455,54.0,0.4127478601497108,30.0,-4.155873145065646,0.7427510330068716,-6.195647831661019,1.10338606330132,5.123929904068263e-05,4.103309009485041e-05,1.79627017804903e-05,1.088515179783949e-05,0.3609528261365334,29.0,0.339532022556018,18.0,-4.468613643015879,-2.3536888184194185,-0.4962861636320432,2.9809149198529545,3.520218257638433e-05,-3.279708065203947e-05,-1.4807504648319674e-05,-4.32461668359244e-06,0.3308844558141469,20.0,0.1930891629869763,11.0,-1.6026295141210236,-1.6935330230525485,-0.0008457073543143,0.0007700273631828
19,CRUK0012_R1_ROI_2,1.098363219873708,-2.821819930796857,6.079730533109113,-0.1819574716157166,0.0001348806533042,6.567320011278216e-05,2.7294102802388933e-05,-4.672530749310812e-05,0.6044384742705284,1091.0,0.528037346134528,209.0,-0.3747496337066145,4.436197181884035,0.7374506783885583,-0.7111413822493438,-1.256343769828052e-06,0.0005706910985947,4.106750203420664e-05,-4.117714513361213e-05,0.5387363735671156,408,0.4501233357697372,73,9.051776693989138,-2.2430526566094837,6.543280383138691,1.6022143538971838,0.0016449884167063,0.0001677653112216,-0.0001331464146075,-9.969615573489392e-05,0.4342099834069357,75.0,0.4546389993652699,40.0,0.1954748667261672,-10.150230378764402,-0.7418218814311983,-1.8674809193423116,-5.802395385147475e-05,-2.266904212540897e-05,1.066987615260722e-05,9.13740099670473e-06,0.4296437418862466,63.0,0.372982585377414,30.0,9.779515647047818,2.1215920080639314,-1.728867147961468,0.5598319703620854,-2.4359539299757773e-05,-1.1217722850204624e-05,-1.305334708795707e-05,-1.7674060054745943e-05,0.4342099834069357,75.0,0.4546389993652699,40.0,-1.5293759035510957,-4.420266167026019,-0.4975519793303068,3.802875877358466,7.38496071218818e-06,1.623651028559007e-05,-1.00795470882959e-05,-1.104677068765118e-05,0.4006890038761946,60.0,0.3484729384511227,23.0,3.8330129912874336,0.8134391507680476,-6.124911663392014e-05,-0.0015881530659531
20,CRUK0034_R1_ROI_1,2.6420649514186567,-1.378731437762925,7.319230192355087,-0.2000011006058405,0.0001042528626472,1.8959300913954937e-05,1.6077641782727414e-05,-2.3268747683569695e-05,0.6144432635648557,1288.0,0.5193433662258412,220.0,-0.1803521617728366,3.4920082819606963,0.8427997581546539,-0.2935449050964365,-0.0006620668508044,0.0005427173962693,8.047274034423194e-05,-2.7600510522865177e-05,0.4937818406696234,215,0.3932705416205716,42,10.10526590755349,-3.2499156190927923,6.849708033305861,2.084602869774379,0.0039810767944562,-0.0010431813068136,-0.0004929772138799,0.0001677911425633,0.4766959311413448,117.0,0.457915344037817,63.0,0.1512608591988461,-10.629275766592032,1.3444692735649422,0.761008013137993,-0.0001059541181978,-4.3879358526775737e-05,3.978221940678584e-05,-5.2009596246824816e-08,0.4399957812429511,71.0,0.4224616326009111,32.0,-4.1471842054963775,-5.700588772794104,1.6348577741428976,-0.8532524863993057,-0.0001053958622319,-1.1762243282711818e-05,-6.616018260728326e-05,-2.5023900464569504e-05,0.4766959311413448,117.0,0.457915344037817,63.0,3.447716386584456,-5.156477479800111,2.382862844441854,6.259062905898346,-0.0001860011058856,1.407587045485322e-05,0.0001305946079217,-4.502732572710862e-06,0.4417975616827067,66.0,0.4115974803605427,35.0,4.445337679669997,0.427151126091552,-0.0003282424871419,-0.0040852307890324
21,CRUK0037_R4_ROI_1,10.344480120990092,-3.2085571696341724,-3.643360594135818,5.367102975814583,-0.0002160462573798,-3.4731927680714083e-05,-6.513320828058865e-05,2.446006082499152e-05,0.5731106041402917,645.0,0.3859277228367557,71.0,2.882086714629899,4.702697113050929,2.6441693044012515,3.420384815057487,-4.3833618824718605e-05,-0.0001468966819395,6.2286651081705e-05,5.720240552421933e-06,0.5753395101519297,603,0.4333543355188397,65,-7.9948864852055,-3.8269795220773535,2.480380014706611,-4.785416745390374,-0.000827266187952,-0.0003486155419669,5.874937903990665e-05,2.476557620992833e-05,,,,,-0.9079487622665636,-5.576730855552637,-3.556328515192816,-4.958580060120812,-1.4552706303850334e-05,9.15472420135649e-05,-1.2597140625704591e-05,-2.4170422368475004e-05,0.4329816029876963,70.0,0.3406493612339029,15.0,,,,,,,,,,,,,,,,,,,,,,,,,,,,
22,CRUK0001_R1_ROI_2,0.1135214052572831,-1.4882535467960762,8.130275389496582,-1.14151276103382,0.0002199734348944,1.4555737745300565e-05,5.914130839686878e-05,-2.025504941477598e-05,0.6260895621577529,1555.0,0.5538490661631879,309.0,2.7798888750312964,4.882427771885312,2.8311396340487343,3.302100914041963,4.736062838561503e-06,7.952590318807515e-05,4.6731614029940273e-05,8.317490979884489e-06,0.5619053211945295,568,0.4563694239684293,98,3.718138331727128,1.6875106031182043,5.350349615522055,0.54693384566517,0.000688987606338,0.0004451089324773,-4.501482358794372e-05,-3.6921966495040935e-05,0.4612632780365622,84.0,0.4122618961773031,36.0,-0.0392004331182301,-5.361696671961745,0.1919775843411748,2.222266373168078,-1.1976989397990616e-05,1.7427576916590026e-05,2.0342531736545426e-06,-1.0031451526534696e-05,0.4087361349183196,59.0,0.4106184883696281,29.0,8.987643892892997,1.99802570564978,0.6682284583734602,0.2585181393190287,-3.825389926982499e-05,-2.901674731605872e-05,-3.513535251490927e-05,-9.758171360831089e-06,0.4612632780365622,84.0,0.4122618961773031,36.0,0.6246199380476548,-3.434745935087189,-1.0332554902990985,4.246456984689994,-5.473220209259496e-05,8.334402490522225e-05,-6.607571002700523e-06,-2.025029275403365e-05,0.3793306803059485,54.0,0.3518133431125005,17.0,3.4068742629423894,1.0511509858471155,-0.0001780924020008,-0.000645047980506
23,CRUK0012_R1_ROI_1,-8.536155877445621,-6.224928989331652,8.563908852509122,-0.9221247691904236,0.0002312609143481,-3.248907919339066e-05,4.6542567001873664e-05,7.449207556582383e-06,0.6360314797959693,1714.0,0.5411048141592009,334.0,-0.3657455433070415,3.4957985268553493,0.618582140038265,-0.0380984080478427,-0.0005666260180704,0.0005001503872138,8.637740724779936e-05,-1.4345979071750354e-05,0.5020891599289014,239,0.3895657518750616,47,3.5311800139085,2.3930150285087888,4.179537825345442,-0.0072441583302244,0.0003642001292435,0.0007349211649216,-2.033016513133305e-06,-0.0001150365360315,0.4666014224330165,99.0,0.4472779956624475,61.0,0.0059487186023691,-9.345653667666811,1.0959348313026274,-0.6009883547486393,-0.000142947301834,2.908973551894539e-05,2.1825959506003404e-05,4.525210138917856e-06,0.4625703488797557,89.0,0.432806206432749,46.0,-4.308700750723502,-5.972894856690956,1.3999612925840352,-0.4799490444694048,-0.0001023035500401,5.328233169629997e-06,-6.081266107883594e-05,3.467333421298481e-06,0.4666014224330165,99.0,0.4472779956624475,61.0,-2.9010087216655616,-3.208584600923841,2.708701191833133,5.411217829220926,-5.929654581132711e-05,-0.0001167433092809,4.29428716415805e-05,2.095056754219257e-05,0.3912002272474679,44.0,0.3691878992797128,21.0,3.5652163708921383,-0.3896230458994643,-0.0008169479312293,-0.0004128087008492
24,CRUK0052_R3,4.171120020427547,-1.965580982365389,13.055079391492908,-2.428904195646953,3.283889198555728e-05,-7.826770959135855e-05,4.486481251242437e-05,5.111013943612689e-05,0.6272969418870453,1450.0,0.5868905940001823,313.0,-0.5925051552047605,9.68047407937379,5.137857388428957,-7.599397449507153,0.0014562664849881,-0.0001435342504659,-0.0001364517902452,-6.4130684753690935e-06,0.6177358836355124,1243,0.5507310203517966,294,-3.9693302810497286,2.41923643003031,0.5409271875834379,-4.580570277826373,-0.0005382203124628,4.26375241481536e-05,5.3811173164779286e-05,1.1691597696342728e-05,0.4024116149359373,47.0,0.340347038814213,15.0,-0.4191023583521878,-1.217262535726454,-4.180479252972671,-3.8605526911253287,8.779027626123238e-05,7.396891368700024e-06,-2.870408991527945e-05,-6.31361744919655e-06,0.3616449460441239,35.0,0.3167397721261779,13.0,-9.368940063196762,1.9633865830265869,-3.118444518984566,0.2331956885159759,1.422782003087193e-05,-3.916253638285045e-06,1.4497748937542414e-05,-7.2118406355351345e-06,0.4024116149359373,47.0,0.340347038814213,15.0,-2.3514376578024536,-3.758053896345189,1.7682561641605314,4.371613778574437,9.476694267412924e-07,-7.776758914595898e-05,3.885772818706267e-06,2.5732591697986875e-05,0.3569616366271298,32.0,0.2807599687666469,10.0,1.7205488234199626,4.126840651661111,0.0010888650420873,0.0007962112929781
25,CRUK0057_R2_ROI_1,0.2126891426874425,-1.5605938892039386,8.059064668335553,-0.5973281555147163,0.0002124707215548,4.0773930172661617e-05,3.929145322244961e-05,-9.267659142025488e-06,0.6193602778965935,1419.0,0.5617039142550877,302.0,-2.6378664451856144,-1.4760638636373191,8.178422334704754,6.268993831258042,-0.0010563575646405,-5.820981081456836e-05,9.809993512948e-05,3.2408439975125674e-05,0.4240977237083201,94,0.2640447092221079,9,8.64724381812118,-1.981546042295412,6.385429979244811,1.437186024549106,0.0014544368328488,0.0003416193336038,-9.860579698961507e-05,-0.0001145241156552,0.4696296550135743,97.0,0.4409150499279871,49.0,1.3466911295007722,-3.585398861178822,-1.2822460154261537,-3.2942242723138886,-4.744404638084857e-06,-4.76534571891309e-05,-1.4724969924911088e-05,1.277389916343328e-05,0.410685954323121,51.0,0.3583801520551917,22.0,-4.474413319105368,-5.797775785746876,1.1669044370166897,-0.1911950023683231,-9.793810267334676e-05,-1.4688580559670104e-05,-5.371535612289516e-05,-8.090770817405183e-06,0.4696296550135743,97.0,0.4409150499279871,49.0,-2.6488139470074863,-3.4301272102808835,0.1724375553179433,1.969062992251794,-4.210245389016766e-05,-7.350938568840671e-05,-1.1702391465417347e-05,4.124419770097492e-05,0.3773528032826351,44.0,0.3237890430710362,16.0,4.235884016229067,-0.4711073666893506,-0.0010904180215755,-0.0015619979440974
26,CRUK0009_R4_ROI_1,-8.964003120275878,-5.836931960369936,14.251720355345553,-2.291311730782058,0.0002502000007759,-4.374213164680257e-05,8.432383822240476e-05,4.0462062364290056e-05,0.6388426068013299,1932.0,0.5818825982497992,432.0,4.310936187315658,5.604112591852145,5.933911663720502,-8.540649846163605,0.0004688032621114,-0.0001570747177412,-3.958233975845578e-05,8.831490296761238e-06,0.5875299228101392,794,0.4796151464559389,161,8.268485486378806,-1.1382305690087091,6.082374076393136,0.5965517967945032,0.0009259813406932,-8.698731884558879e-05,-9.434877208374928e-05,3.3491563807359484e-05,0.4291676917030214,64.0,0.4158555661430265,25.0,-0.7779335897643913,-4.843706268779248,-3.472794931213793,-4.837502301848123,1.5127128915673092e-05,2.1726029667053067e-05,-1.4796335459327714e-05,-1.6168072061388356e-05,0.3851307876820414,39.0,0.3883122090051173,17.0,9.897856936612346,2.0695770395516604,-1.9576950179895087,0.5320429678187206,-1.4487614247775075e-05,-2.634677112478278e-05,3.426480611267872e-06,-2.155600289037946e-05,0.4291676917030214,64.0,0.4158555661430265,25.0,0.4790782805183094,-3.211247176533316,-1.0332440279620327,4.670921962593668,-1.799799317476045e-05,0.0001422431970674,-9.08215099637998e-06,-3.341577536893996e-05,0.4027682807747304,56.0,0.3843843052800508,21.0,3.53831511833673,1.5823863889455083,0.0003326124553168,-0.0008259235358175
27,CRUK0051_R4_ROI_1,-8.565894374370677,-6.009193317177406,8.975330858366016,-1.0375264465612288,0.0002241064642341,-4.2595106486359e-05,6.03543544424672e-05,1.171443647481886e-05,0.6372868847334379,1766.0,0.5513697294602266,359.0,-4.621587889748653,-0.6319798608885497,5.307804085317849,5.006799797102663,-0.0009845244459574,0.0001344443163031,9.961151786264172e-05,2.3284491802559397e-05,0.4503392410781187,126,0.2851675932724316,16,3.825530724624221,1.561131012248689,5.0069857412894905,0.2600711570287721,0.00089641289785,0.000573756335299,-4.262789109846424e-05,-4.251375607664196e-05,0.4567115674834973,84.0,0.3553792435441715,36.0,-0.2842834234972056,-8.838610964669998,0.3907239823913354,0.3805023788471292,-8.652193038604388e-05,3.191032549773427e-05,1.3346346062337168e-05,-1.31381823855268e-05,0.4260546367060955,64.0,0.455847477285993,38.0,9.140035514631776,1.390486730482383,-2.4398844700118487,-0.1695034542956801,-5.249007431587352e-05,-1.0249906915730163e-05,-1.2892489712794551e-05,5.067584526366366e-06,0.4567115674834973,84.0,0.3553792435441715,36.0,-0.6128315413884772,-4.285816900480929,0.4079715745471597,4.1328055053072745,-6.996806993791939e-05,-6.631629151623768e-06,1.0185533832767975e-05,1.7939867965269132e-05,0.3740346345784167,44.0,0.3546630773797181,15.0,4.024661212280844,-0.4494858453166698,-0.0011201309793745,-0.0010033793447206
28,CRUK0024_R7_ROI_2,2.8951656805848405,-1.2124700690323624,7.410052134321568,0.3508283894336335,9.22349781297208e-05,2.5144495588862806e-05,6.9780793703165376e-06,-2.339600694171945e-05,0.6097535310700394,1158.0,0.5169340838509846,198.0,-0.5044394378504197,4.777712813335074,0.6421846632214401,-1.307545732620441,0.0004427125382201,0.000601933782171,6.367562928408231e-07,-7.625212977893311e-05,0.558629405525085,534,0.4744370320322987,109,0.9424093972931632,5.027897591853808,3.750028534210341,-1.380464671433527,-0.0004313487986517,0.0005466999068879,4.7848394433697055e-05,-4.7777547454924486e-05,0.44213069165406,73.0,0.4079426352209805,42.0,-0.3105549154339205,-10.201938338134092,0.7705140706448785,1.6642046187258897,-6.925579124900535e-05,-8.64379917915024e-06,2.4547649871476847e-05,-2.236235455833439e-06,0.4488029949125581,82.0,0.3998839219413472,35.0,-0.1590923689267876,-2.664699874062228,0.7528588126727844,1.047014996346829,-6.667709723513429e-05,3.831676596801177e-05,-3.596268335364548e-05,1.9175877688590204e-05,0.44213069165406,73.0,0.4079426352209805,42.0,3.3390669074977977,-5.286518418490126,2.848573614677803,5.798836638975332,-0.0001048247165142,-1.0675842901149185e-05,6.211513969092728e-05,-9.133471640681896e-07,0.4161514434409072,52.0,0.3796169887360746,23.0,-1.906763745516352,-0.3568928505730491,5.425187139691684e-05,0.0005434614048234
29,CRUK0001_R3_ROI_2,1.5356708220916464,-1.7988103536985036,7.803490694763037,-0.2925038158019545,0.0001667395042237,-5.924732451023871e-06,1.97660749230043e-05,-1.693947885274829e-05,0.6258758856114557,1489.0,0.5421085151586081,283.0,-7.664022175186656,-3.926969354982488,6.38604130374807,5.4433489433773845,-0.0011313378782914,-0.0001842064496715,9.853249754374966e-05,2.7382816087683765e-05,0.4077239984308538,78,0.2565123183846431,11,-4.134097648097971,1.3891336862130006,1.1051573288304524,-3.9057092253844754,-0.0007839906514289,-7.318485789248972e-05,5.872551677960975e-05,2.137669115667573e-05,0.3787986562033492,37.0,0.3876172539241332,21.0,1.753476178502709,-3.764963695384372,-0.6577621829889949,-0.7391807404486809,-1.0491114946731234e-05,-6.216895338501277e-05,1.970262112949501e-06,1.419377239131599e-06,0.3986409400674588,43.0,0.3319871848692159,19.0,-4.054743841613472,0.6650586775555106,-4.256887749410439,0.6175028034969595,2.1272555900334888e-05,4.281488544447313e-05,1.7878766157132563e-05,4.909151902641822e-06,0.3787986562033492,37.0,0.3876172539241332,21.0,-4.860057624164105,-2.724261980545689,-1.7758400830439478,1.5722573243229416,6.81546026856663e-05,-6.127332949904265e-07,-2.928540391197001e-05,7.320227315821745e-06,0.3473407387121415,26.0,0.224832758891385,6.0,-0.7393965693338516,-4.405532327631315,-0.001506713941017,0.0006245035580951
30,CRUK0046_R3_ROI_1,11.321244939450196,-6.503279880730629,-3.023850211080417,4.6375372369271535,-0.0003171700845663,1.2858989524584728e-05,-6.781069929563712e-05,1.08499495807572e-05,0.5227482216523881,348.0,0.4210810775708061,48.0,15.115007714363502,4.801370166621379,8.094721313018052,-5.872856621479302,0.0032375865979361,-0.0004507679813316,-0.0004112242468628,4.673569592351432e-05,0.6490768780667335,2127,0.5944769171489241,557,9.520203540769058,-2.6867932792424383,6.53898662729244,1.832307484921004,0.0020298530908046,-5.699085262567398e-05,-0.0001884803125939,-8.75301509104136e-05,0.4206664082384441,63.0,0.3622420191496952,23.0,0.7657522957922255,-5.040288780665693,-0.9632435726755184,-2.2086123802992117,-1.2426656307820466e-05,-1.938630049110368e-05,6.219519588432263e-06,1.1322816235643946e-05,0.409922470868533,50.0,0.3482249430678145,19.0,-0.4733663948246768,-3.6284255465357744,-3.610315774587336,1.694639860825924,-1.1272880054408316e-05,2.474954470209885e-05,-3.6166642158936138e-06,1.877821912559369e-06,0.4206664082384441,63.0,0.3622420191496952,23.0,2.904713960250133,-4.841147268720124,2.1515905746919453,5.847294187625335,-0.0001745528814193,1.2061017841886236e-05,5.201434333401895e-05,1.308842233196148e-05,0.4282913605751232,65.0,0.3805356730411403,26.0,3.6384845665308014,3.2955734221112056,0.0033200122516382,-0.0014577140782195
31,CRUK0009_R2,-8.806124752160475,-6.350883648396753,13.913975948096118,-2.5776633070423016,0.0002015021019565,-6.191279357710732e-05,7.753261464801726e-05,3.981359480591089e-05,0.6408756478126794,1906.0,0.5755006105507574,410.0,-0.4800477649417947,9.7911834715134,5.088112047138952,-7.553412126111646,0.0015923896571007,-0.0003231637419862,-0.0001906278884455,7.271060603621713e-05,0.6234963791068286,1323,0.5625910604101956,328,3.7171297716514538,1.6826994358505332,5.1493504154578025,0.2560103117894828,0.0006181344720751,0.0003334722530988,-2.5229098720099612e-05,-3.312766775367762e-05,0.429950777801308,58.0,0.3620856266298191,20.0,-0.2162540573647627,-0.2095141768270736,-3.189328164836592,-4.506994120120658,9.826132185935288e-05,5.527173588340654e-05,-1.4002970650605005e-05,-1.1831396742384175e-05,0.3202609208195895,21.0,0.2992481755386382,9.0,9.529682492676503,1.3895211321979974,-2.995734716013584,0.9770973466661732,-3.18165214765138e-05,-9.01389662616724e-06,3.457645210179473e-07,-3.1359238549585773e-06,0.429950777801308,58.0,0.3620856266298191,20.0,0.5528387120038276,-3.03343402732003,-0.799475102291127,5.151598045789887,-2.070658356278492e-06,9.098597754438722e-05,1.02849625715857e-05,-2.6198401089989677e-05,0.3937524748157665,36.0,0.3043984358463466,15.0,2.623042241612281,3.563630995726743,0.0014111134419108,-0.0003275921487556
32,CRUK0048_R2,3.755299692179389,-1.2925646302321632,2.4644968587281504,4.200985157650925,4.081098116048834e-05,3.248579813420235e-06,-7.453630483758094e-06,-9.677350200065862e-06,0.6108656170255546,1155.0,0.5181242606588627,213.0,0.7528226513926888,1.580979934044869,4.137239208755726,4.7839785680516025,-0.0004772718571657,0.0001348545688273,7.233729643100765e-05,7.204758796346287e-06,0.5088547362049283,265,0.3712477181437794,34,-2.745232469199006,3.003603759255999,3.710115990454941,-3.3393300527763885,-0.000597571504254,-1.985576727789615e-05,5.691747632615386e-05,1.2322339245453442e-05,0.3841678368068011,46.0,0.3470586362679826,17.0,-0.0549304083178385,-4.090153682452997,-1.430218192898515,-3.601875942614152,2.0120229375119715e-05,-3.616294390519714e-06,-1.1124657085603614e-05,5.644102937432466e-06,0.3962356345346784,42.0,0.3456665924300588,18.0,-9.062635905634794,1.2746809795543492,-6.487813309173352,0.3112424185942102,2.6740278072386472e-05,1.1564688202183702e-05,1.2366030463816833e-05,-2.900063645785421e-06,0.3841678368068011,46.0,0.3470586362679826,17.0,-4.701781108268846,-2.466322443104252,-2.457949715978689,1.5567094159309942,7.183497233152723e-05,-2.1753337282462267e-05,-2.8382824641202597e-05,-1.7732747219662666e-05,0.3274573545614812,23.0,0.1723843264775106,4.0,-1.5005831046604878,-1.5122184790439768,-0.0008473258137077,0.000554181001529
33,CRUK0034_R3,-9.612228603272582,-5.968045452245638,14.489022221254327,-2.5128731331593173,0.000353271203123,-0.0001169364768155,9.930057383981584e-05,2.4890941299002262e-05,0.6585439275903439,2477.0,0.5829135391465666,470.0,-0.365317158542079,9.61985350037112,4.974301770450023,-7.41491288203487,0.0016991550769852,-4.800894958958266e-05,-0.0001179317550202,-4.680178674615945e-05,0.6189640982304981,1231,0.554588602955758,276,9.807936605211395,-2.958752532979606,6.711342717502882,2.1605248709622744,0.0027661286584667,-0.0002262165888661,-0.0003005281175229,-4.972106851950728e-05,0.4857197401858142,115.0,0.4453287003709781,58.0,0.1718088363938037,-8.915609032517883,0.1721247289547539,1.3226148671042426,-0.0002232884387734,8.561383338505435e-05,7.441155023938455e-05,-4.1025435173936e-05,0.5005139845986436,133.0,0.4483703786959731,70.0,-4.372810681794258,-5.483017905964877,1.5942158988872852,-0.8062578728679188,-0.0001345405196698,-2.775541812512896e-05,-7.06153904971376e-05,-3.409269670402327e-05,0.4857197401858142,115.0,0.4453287003709781,58.0,3.296732898349755,-4.497629218319668,3.145620599877083,5.478057789525313,-0.0002620223607393,9.926547530550537e-07,4.953129210669192e-05,-1.4005868933498176e-05,0.4474881002710184,86.0,0.3649950896832468,30.0,4.046900218503597,1.6445121285849682,0.001833475205984,-0.0024916947439463
34,CRUK0036_R1_ROI_2,10.901363652956189,-6.18895661499378,-3.855402773554461,5.073531763843695,-0.000357334176111,-5.98974109518417e-05,-7.917610988437813e-05,2.426140739865656e-05,0.5243775703210884,352.0,0.3191631898699557,30.0,-2.072294239744536,9.63894304618118,4.216594567828791,-5.249051018706176,0.0009880193703059,0.0006665575135029,-7.07627876826942e-05,-0.0001442112152028,0.5736907205807478,652,0.4972177938338715,141,-6.538660088424933,-2.757882311805397,1.8912602909855567,-4.319154322389539,-0.0007594902013257,-0.0002514123955207,5.901281158400419e-05,2.0808284092726667e-05,0.3298852654923022,26.0,0.2075437869607325,6.0,2.14702122681892,-3.106864100056712,-0.9717412564808724,-2.802316410457653,1.3045684292503447e-05,-4.775033446748003e-05,-1.8853645671328788e-06,3.42828171873317e-05,0.4142229079850408,51.0,0.3438679741865608,19.0,-8.095185095498495,-0.3354030529474817,-4.296347480119749,-0.2871931921963654,7.057292286915822e-05,-2.4467507304415196e-05,2.9109622601203783e-05,-5.656803847633977e-06,0.3298852654923022,26.0,0.2075437869607325,6.0,-5.924516528108699,-3.914015480775901,-1.9628694126257729,3.104053285285416,9.701299192378092e-05,-3.729014336772365e-05,-2.350549818677272e-05,-3.876290428467823e-06,0.3224227864088586,22.0,0.1985710560594721,8.0,1.0051287268694435,3.450974904987001,0.0005703709684647,0.0009705235930707
35,CRUK0002_R2_ROI_2,4.0743655329915,-0.3866821693546851,3.427803447271814,3.7012559470957935,1.2756891186722117e-05,9.604080605667896e-05,-1.0492293372653416e-05,-3.3389868637792326e-05,0.5792623135569088,785.0,0.5031517569274763,144.0,-0.2221811353175565,3.690665434071261,0.7449540124643351,-0.3868214290154408,-0.000361437315097,0.0006480237064606,5.741927831909241e-05,-3.353990842466151e-05,0.5140001844334321,277,0.4468492411537718,65,-5.965401309939835,-1.407231299413233,2.1277734326466198,-4.632585438299937,-0.0007556367759142,-0.0001841339157601,5.932953036271119e-05,2.6187172238204248e-05,0.3501512609087743,32.0,0.2342831979560794,9.0,-0.2702212859959304,-10.521853677900545,1.4745333096916406,-0.0548234044563209,-6.559446794588741e-05,-2.4506456931412743e-05,4.463936905488879e-05,2.5121568076612388e-05,0.4420338350764093,72.0,0.4092128591270317,36.0,-7.088142605929326,-0.5358417794671267,-5.175312370301389,-1.2508970724666113,6.237341917719799e-05,4.36570914457872e-06,2.847798210947465e-05,-4.255664914976742e-07,0.3501512609087743,32.0,0.2342831979560794,9.0,-7.01068056524837,-3.162794472911189,-0.8707363403679286,2.785646757888993,0.0001055781920722,-1.215428107573588e-06,-2.934917793336365e-05,-1.119447853981927e-05,0.3412726251196471,27.0,0.1939208205788011,8.0,-2.382010228623453,-1.4035764734556095,-0.0007929874628084,0.0007135674568486
36,CRUK0015_R1,-8.826946718106598,-6.274099818618065,13.892658210910348,-2.0353755389211776,0.0002360427288317,-4.874244648000918e-05,7.310991837962283e-05,2.712766959055921e-05,0.6390771058184348,1785.0,0.5804486716036898,382.0,3.048199189333145,4.912726098289172,3.2670597653997304,3.4783532992718493,0.0001914332361365,5.304754542684873e-05,3.5524430038446084e-05,2.985131190854884e-05,0.5727274145073591,691,0.4900807347076539,127,3.741394134278612,1.870049010725143,4.095928185233311,0.0556555448887025,0.000505503100585,0.0004346335500072,7.144050496197775e-06,-5.544378467174738e-05,0.4532091286585071,80.0,0.4413061390878702,41.0,0.4298557740146299,-4.48101670989155,-3.80027552888958,-3.639206130336948,-3.0354791289271035e-06,-9.82793854086417e-06,-2.6908542504310623e-05,-4.466062882407301e-07,0.4098793719062042,53.0,0.3028760183229561,14.0,8.919994463155735,1.772135686872031,1.046442360963198,0.7295371076704017,-3.970857707188181e-05,-1.2039784571441144e-05,-3.172095076123529e-05,3.650638552481439e-06,0.4532091286585071,80.0,0.4413061390878702,41.0,-5.112479912057456,-4.479713703265721,-2.176712746819132,3.087527431226188,4.199575241096033e-05,-1.3397210450731515e-05,-2.873050418020603e-05,-1.790976952895501e-05,0.3562266818204172,38.0,0.2268254055421849,10.0,3.213710374072266,1.4970794490001975,-2.8116043911431735e-05,-0.0004345439812459
37,CRUK0046_R3_ROI_2,10.035486208335154,-3.1124786025457047,-2.286716955910651,4.135323122219704,-0.0002087747354852,-1.049870431098082e-05,-5.308631604499967e-05,1.6607368721481647e-05,0.5682149916729755,625.0,0.446925784500275,92.0,-0.3685363313946517,9.447748039541192,4.785127822431049,-7.16861222858961,0.0015703832894662,0.0001220302346023,-0.0001449354724481,-4.474213566874937e-05,0.6128971294116409,1190,0.5502093241816611,274,0.7931769075433382,4.297576941390816,4.960071130457251,-0.4041396872783774,-7.352611711746416e-05,0.0001129518952003,1.510472995189794e-05,-3.573336650322716e-06,0.404493232480477,48.0,0.2787763454742294,18.0,0.3090286396408733,-5.986926688853646,-0.6936778984196059,-1.4322371806059442,-2.939134163527588e-05,-5.518828578017044e-07,5.157855364643496e-06,-8.519965089402555e-06,0.4270348968666381,63.0,0.357011628534335,25.0,-9.09741378388812,2.400208252686177,-2.874302916772872,0.6322309479691328,5.463028308450159e-06,-1.7950711196191912e-06,-1.764705740885998e-06,-4.622826028671858e-06,0.404493232480477,48.0,0.2787763454742294,18.0,-0.0135585953229072,-3.5065878086754685,-1.4769460329024098,3.7619014154192505,-6.224930908827659e-05,5.771518810761769e-05,-1.447733384027196e-05,-1.0796293820677618e-05,0.4007756265132798,47.0,0.2964401754374707,16.0,2.268083326952866,3.54739412194114,0.0012813277257628,0.0003715189509176
38,CRUK0041_R2_ROI_2,-8.964550167388238,-6.552223109234721,13.521099314510964,-2.318711659183388,0.0002172325843311,-7.160958163989037e-05,6.195141090501195e-05,3.459521594894733e-05,0.6429395780604092,1864.0,0.5722567027817199,386.0,-4.2738589887563405,-1.006590407044366,8.451574156529546,6.372196812901363,-0.0009209751197017,-2.2728159936925117e-05,9.171108958809392e-05,2.799291365658479e-05,0.4509375353744446,131,0.298303784143635,19,-5.869626671831841,-1.0009745213589345,0.5027760489371554,-4.033061368527562,-0.0007663229475977,-0.0001826045355185,5.912450930459615e-05,2.3572103361746507e-05,0.3764320808544397,36.0,0.362226427469399,16.0,2.3077567464966373,-3.550539360686544,-0.0094925199646104,-0.6164484996562746,2.3782816692057448e-06,-7.107992974511757e-05,-2.261039910189502e-07,1.3827675067214846e-05,0.4025892147975626,45.0,0.3678847457615483,21.0,-3.9511683529721617,0.5734667047715207,-4.175704848129143,0.7553425683111538,2.398631108568187e-05,4.25225972211367e-05,1.9239843379363312e-05,8.777177199483254e-06,0.3764320808544397,36.0,0.362226427469399,16.0,-7.118607853500344,-3.434240146486525,-2.0062966947895045,1.6544294947483962,0.0001298221359091,5.944320337003888e-06,-3.233129271111775e-05,-1.665681517464686e-06,0.3136284435419714,21.0,0.2503952142929018,7.0,-1.2358980376232598,-4.39859641008802,-0.0013153834927928,0.0006335048466034
39,CRUK0010_R1_ROI_2,8.1172297772553,-2.554339800424053,1.9282948261755983,5.981266014835799,-0.0001216973165217,6.048047706452957e-05,-4.032551175905944e-05,-1.717105446192427e-05,0.5641996080859317,606.0,0.4555230988159298,88.0,-4.611505552033011,-1.7871005569933378,6.4349599178497385,6.148881320095954,-0.0010540654085198,-8.924437934167984e-05,9.712925062527708e-05,2.483105496683176e-05,0.4261591570912791,85,0.282001286286039,15,-3.259366558269466,1.9072778462911963,0.9032236695538772,-5.479488292892831,-0.0007287852983594,-0.000188347602827,5.932654723795437e-05,2.4690562602676217e-05,0.353907935390574,27.0,0.2427986517879786,9.0,0.185074531033293,-3.361264569428679,-2.2762674813215504,-3.418492628199515,5.235959521000656e-05,-1.2935241276252193e-05,-1.572856043155153e-05,1.6640717523621695e-05,0.3952043367421879,43.0,0.3691928163839852,20.0,-7.3094230069694754,0.2855085429356355,-5.699224181634597,0.3884130150764291,5.513480412256066e-05,3.173053066126448e-06,2.8870952033957365e-05,1.991217760329968e-06,0.353907935390574,27.0,0.2427986517879786,9.0,-6.793161144333896,-3.9058553986985487,-2.0715090600017576,2.2740710956063044,0.0001318605275419,2.5305944497143347e-05,-2.923313809673408e-05,-5.540567823318614e-08,0.30323794320763,18.0,0.1367400947192077,3.0,-1.195028656275399,-3.9128072835901135,-0.0014097273108208,0.000600687570427
40,CRUK0036_R3_ROI_2,10.600405036959392,-5.291694699387074,-1.4457335866943024,4.067624860676514,-0.0002748600601637,-6.662615080705678e-05,-3.80505869290298e-05,2.2851464764448283e-05,0.5696683977077878,693.0,0.4580082074942431,117.0,-0.1712946081487459,3.71878240730896,0.452098125400155,-0.0319311939422591,-0.000360402588465,0.0004497289546509,7.260463346763003e-05,-3.0346926719847467e-05,0.5160027434953759,289,0.4231706849590528,56,-2.973619785782375,2.828689736982216,0.0949262456510069,-4.081720141030806,-0.000597828368561,-7.655445331273484e-05,5.718825526741362e-05,2.427960872456829e-05,0.3269202750933729,23.0,0.1370263751876308,3.0,-0.3492730450614936,-0.2452030392286185,-4.255900730671655,-4.613788005161718,0.0001140569566529,7.19948349242665e-05,-2.550702336475592e-05,-1.735531705640473e-05,0.2977156701816508,18.0,0.1791806468660662,4.0,-8.348541207357297,0.0125992738103143,-4.267914324556216,-0.1543396179966559,6.347268108280646e-05,-5.06619732534344e-05,3.165731787123183e-05,-1.2708295998188804e-05,0.3269202750933729,23.0,0.1370263751876308,3.0,-2.1788483729192483,-4.065197314304283,0.6585047575568792,3.538901154317184,1.7238715325317507e-05,-3.390572171131031e-05,-5.349217635025297e-06,7.496012327700081e-06,0.3419005426273306,25.0,0.308918688223934,12.0,-2.0043157580737407,-1.3979352077196423,-0.0007287502584753,0.000586568375934
41,CRUK0010_R1_ROI_1,3.8345980633336136,-1.8810998107581185,12.829328558573495,-2.332811904001435,8.728105671792653e-05,-5.768443706478916e-05,3.2471926710478525e-05,2.675728966040789e-05,0.629594321173665,1510.0,0.5723038365834188,325.0,-2.2808206468575105,-1.1118229229779757,6.16833161727503,5.882573277239512,-0.0010021961486301,-2.5643642111132398e-05,9.381038417175892e-05,2.3803431677435875e-05,0.4292153781756966,94,0.3152205366642578,13,-6.678547465593533,-2.9854893023683604,1.8994351759280488,-3.75517362830036,-0.0008350726925569,-0.0002813689524275,5.870201944574154e-05,2.1248560895950495e-05,0.3346612226468698,20.0,0.312712718729628,6.0,-0.1917284432814034,-0.6796425154608843,-4.466820681848068,-4.086696120428905,0.0001044734845041,1.7189705491674683e-05,-3.080475994354276e-05,-1.3671595001940618e-05,0.3424606875303877,26.0,0.2629178038823787,8.0,-7.6730827600615825,0.3107913933166976,-4.132722480391669,-0.2220631865580533,5.40530173084822e-05,-1.3041693843574742e-05,2.4408938199545265e-05,-6.747800688062385e-06,0.3346612226468698,20.0,0.312712718729628,6.0,-6.1371960373307415,-2.2100220701558584,-2.4343538561204245,1.9294404489543648,0.0001319963335855,3.871916139601263e-05,-3.077742870087135e-05,-7.519360000955848e-06,0.241874540938298,11.0,0.1251414749535984,4.0,-1.3893130345411977,-4.208032422293716,-0.0013904565979941,0.0006968365438208
42,CRUK0046_R4_ROI_2,11.412210816707232,-6.383253383999639,-3.6896524279911582,5.004356106997252,-0.0003963911866664,4.359036614262599e-07,-7.876106757239458e-05,2.3121959986093945e-05,0.4884975443165107,224.0,0.3131280739643137,22.0,-0.2573799987545947,9.33101335019885,4.175094999471429,-6.062963115896345,0.0017671841033192,0.0002505069851784,-0.0001642177493843,-0.0001020249649726,0.612972082917989,1211,0.53633699223352,252,2.8579660272476897,2.655613810459432,3.6332385347372034,-2.31089922796852,0.0001597678461505,0.0004149528689602,3.3601039150199113e-05,-1.681058011653624e-06,0.3835254384049759,47.0,0.225050480112863,11.0,1.6586564673491315,-3.2252588269983518,-0.8983588036011997,-2.870476458633865,1.2778461910310902e-05,-5.833060946580878e-05,-3.1084161566810915e-06,4.542480557348647e-05,0.3998281229803929,46.0,0.3494687185329408,20.0,-8.673651173750802,1.2902592638631436,-6.074100882589243,-0.2775862762715628,3.0068151141724293e-05,-1.1534723126791746e-05,3.348102592610834e-05,-1.1178308787191268e-05,0.3835254384049759,47.0,0.225050480112863,11.0,2.5754174635924625,-4.713312683219808,2.086804715939857,5.148785390675498,-0.0001170446408323,-5.5080183334979e-05,4.219940246044116e-05,2.2398662892490165e-05,0.4084005032062675,59.0,0.3708154902354932,29.0,2.407456959192196,3.869401766031964,0.0015198813403661,0.0002079173707383
43,CRUK0010_R2,8.602577044410868,-2.6738104520526607,1.814329571952184,5.247393305275814,-0.0001304505738443,2.3916743081924324e-05,-2.9304030571283965e-05,5.451479834484285e-06,0.5790643907019453,802.0,0.4954709453254556,153.0,4.168880186601326,5.450524827904561,6.05173156169078,-8.657070305261263,0.000523555419731,7.36867855485674e-05,-3.845611218534353e-05,-2.8693517502668205e-05,0.5747751482364276,653,0.5049028256037421,134,2.9879239959634707,2.0924255971886394,5.558695931604087,-0.0193744342941931,0.0003766756129788,0.0002113489133132,-3.330145690084607e-05,5.625459347141689e-06,0.3570778005800577,30.0,0.3355517196120837,14.0,-0.6391621155391362,-0.7701862549808945,-3.3668633444752527,-3.4009377493038526,0.0001032621719309,1.935979396514279e-05,-2.933127632221198e-05,3.0730635163591484e-06,0.3317466221531239,21.0,0.2676356192867686,8.0,-8.002145926969604,0.6128305952153156,-3.54590148697634,0.0185949662216609,4.779217137533055e-05,-1.1718260917994438e-05,1.7497722265928837e-05,-1.0099704327800724e-05,0.3570778005800577,30.0,0.3355517196120837,14.0,-5.87295123322457,-2.020784387799355,-3.28659174806159,3.6350010745719934,7.054770093094987e-05,-7.077625322568823e-06,-2.678444467153371e-05,3.309621297276054e-07,0.3127883343089782,19.0,0.1398245910671324,4.0,2.928487278150222,1.958677246007968,0.0003110681973903,-0.0002217714253164
44,CRUK0036_R1_ROI_1,11.132986321861232,-6.396568585274672,-4.052423042483132,4.965285020842501,-0.0003811769368701,-5.376964683098483e-05,-7.947622063368058e-05,2.6865678856647428e-05,0.511499430658818,302.0,0.2756960079515075,24.0,-0.3294404803975269,9.173290740493336,4.20413138776233,-6.152475580131383,0.0016205188436847,0.0002182480135651,-0.0001827865771993,-6.954781194160074e-05,0.5983362030196404,936,0.5153445236532309,208,-3.0022594120220627,2.356136561874583,1.4275412726656218,-4.166732346444525,-0.0006427850280748,-0.0001141126743785,5.9221965132499095e-05,2.5095362319527736e-05,0.3614216201506738,34.0,0.1472565867922077,5.0,0.0485119236854388,-2.1010287757884933,-4.0713206034028,-3.4524157768927592,8.320962644261478e-05,-3.309499809827452e-05,-2.7771182794021827e-05,2.0530970717809715e-06,0.3670675330626646,33.0,0.2715312503276535,11.0,-8.46323019751512,0.0175411228835169,-5.136533286411632,-1.3333719848129748,5.568871183959644e-05,-2.727127693006802e-05,3.604307169313492e-05,-1.1654948020926715e-05,0.3614216201506738,34.0,0.1472565867922077,5.0,-6.252103058551465,-1.892531871826183,-3.290183002984546,3.2770769788032337,6.40009955695365e-05,1.0849941024536916e-06,-2.873280656015614e-05,-7.716943566316601e-07,0.3269460006371298,21.0,0.0825328966304744,3.0,1.35757093109988,3.818958627933007,0.0012480543426211,0.0009615990613844
45,CRUK0001_R1_ROI_1,-9.046438364228786,-5.655691026651953,8.618437681115909,-1.0701677448792517,0.0003034237729191,1.4433319357280053e-06,6.80804383020848e-05,2.685282969679948e-07,0.635015756006556,1803.0,0.5641769351846895,376.0,-8.74656255724468,-4.732292025185917,7.939073317584651,6.657213866052676,-0.0011530884644297,-0.0002753641445415,9.99966268748999e-05,3.4754439276884514e-05,0.3714635571538377,54,0.0816869971168795,2,-2.0519783325655703,3.409369823216572,3.072902494279614,-3.0090029248299213,-0.0002107671343728,0.0001535046460549,3.388130462737579e-05,1.2913137391910296e-05,0.4432229245782539,75.0,0.4365982248853659,44.0,-0.4308642851744085,-1.633408094752785,-3.1866900703666365,-3.692976737690992,7.629026993829202e-05,-1.103451582194828e-05,-2.023567786736212e-05,-1.1776960365270137e-07,0.364740808014558,33.0,0.2738094581954644,12.0,-0.1823996722303233,-2.6982423576466736,1.048517351931072,1.077670329616461,-5.920685699460523e-05,3.124012145047936e-05,-3.1349901264437166e-05,2.026238776131407e-05,0.4432229245782539,75.0,0.4365982248853659,44.0,-6.246988985456496,-4.067961014643712,-1.4512888385349785,3.4497132559243147,6.946194758254359e-05,3.992366199396964e-05,-1.7621047373080454e-05,-1.7796037318600006e-05,0.3382181436474135,29.0,0.2840173147414185,6.0,0.4772440168332342,-4.093050240242924,-0.0014441006608111,6.594082540111986e-05
46,CRUK0052_R1_ROI_1,4.927811768182132,-0.7846577940391423,2.469308363294482,4.545734019660104,-3.174713277776706e-05,3.76651608314192e-05,-2.205840521073353e-05,-4.9669554094272015e-06,0.5915117030149956,885.0,0.4869798260639612,144.0,-2.169925619613878,9.503754673262808,4.154190662047464,-5.0059745135160085,0.0009642140477354,0.0004662540142424,-4.8284733309864255e-05,-9.557294576005668e-05,0.5812111920897486,738,0.4943214827606248,149,2.560268402633844,2.8485903428924413,5.2471084176735205,-0.1624035230197572,8.862081299642084e-05,0.00020564354358,-1.743684635488041e-06,8.150093544507806e-06,0.4034870301542777,58.0,0.4130208295563054,21.0,-0.3767484025531153,-9.302570023753946,1.4279608201989045,-0.4079602499399972,-7.503526214309944e-05,1.55879953829053e-05,3.657637167515663e-05,1.8266652822889064e-05,0.4517503871871875,75.0,0.4225560301526241,37.0,-8.47080300823255,2.400152452893896,-2.2903583370027465,0.400125280639113,1.6332974565823267e-05,1.3696012591937795e-06,8.032870381728539e-06,-1.526951512184256e-05,0.4034870301542777,58.0,0.4130208295563054,21.0,-0.6606210637213551,-3.8268578799867514,-0.1094158268655323,3.7727303777571777,-3.356361075593909e-05,1.0749060868900476e-05,1.552923936220458e-06,-2.600402825188305e-06,0.3947425758703502,42.0,0.3743917492527837,17.0,2.246923364744514,2.794318207094103,0.0006703110772767,0.0001156706893205
47,CRUK0002_R3_ROI_2,1.314428018345583,-2.375542227797109,7.790547348417754,0.018748289302809,0.0001370256487162,4.265160940540668e-05,1.8128079532152446e-05,-2.0362798704777794e-05,0.6115202068460546,1282.0,0.5461296293190538,258.0,-4.578884963890608,-1.4045034820116178,5.324501136072574,5.211368260258524,-0.0010689608689002,1.0485511299258903e-05,9.888043414095446e-05,2.978409602535824e-05,0.4277371162148487,95,0.3262556162474371,15,-8.10529698644284,-3.909047471312919,2.265268646302894,-4.544519225304321,-0.0008496649037383,-0.0004124361965853,5.874937903990665e-05,2.476557620992833e-05,,,,,2.8757073750026385,-3.85335194201869,0.624046175831452,-0.0502500045648104,-3.9871614006098215e-05,-4.035771965750412e-05,1.3647803669352132e-05,-2.7654402974492584e-06,0.4202670815775276,59.0,0.3967709158024994,28.0,,,,,,,,,,,,,,,,,,,,,,,,,,,,
48,CRUK0015_R2,8.303030620055688,-2.7271300514462142,2.1196873077923573,6.389769981212069,-0.0001365412798555,4.192047334249074e-05,-4.112885255124307e-05,-9.549782360687107e-06,0.5694194091048494,676.0,0.458142268289252,111.0,4.264344534879016,5.55849296679023,6.030649376994138,-8.633906947186116,0.0007750847313481,-7.710806302523714e-05,-4.723772032921533e-05,1.091021081211482e-05,0.5943294412009176,895,0.5395015100931259,195,1.113106743910613,3.937490798092552,3.8325485422170233,-2.075185378672772,-0.0001473700306625,0.0003468885408739,3.175779996758962e-05,-1.868867150894009e-05,0.4068383408327338,51.0,0.3404665653656736,21.0,-0.4556626246899027,-4.834311931966756,-2.534466877259603,-4.102956975886838,1.4303928222001108e-05,2.586280235608843e-05,-1.0687416447653617e-05,-2.6110058488257586e-06,0.4023536138767922,43.0,0.3636844043693332,19.0,-9.413320266014292,1.7312010315605442,-2.6126419145162787,0.1338913505017203,1.1403081875730128e-05,1.1454786277658294e-07,2.1806849849817462e-06,-4.693235716455704e-06,0.4068383408327338,51.0,0.3404665653656736,21.0,0.0905603426144907,-3.749636427618857,-0.4815171124251019,5.277521817413507,-9.258161036648282e-05,8.009579736821782e-05,2.716281774223686e-06,-2.388429183839792e-05,0.4203909654664349,65.0,0.3724189298336375,25.0,2.49210210572045,2.40588144712975,0.0004907926839875,0.0003200727855813
49,CRUK0024_R2,-9.846384897250363,-5.715605767152944,14.620780385083863,-2.707667205371928,0.0003582497537686,-8.676913456545146e-05,0.0001280658413706,3.900684639247434e-05,0.6520696055813869,2285.0,0.585478516676341,494.0,-2.3860777066491115,-0.7480348340321834,7.317860546242485,6.181309703759268,-0.0008530000590907,-7.748223648342243e-05,8.633067030533646e-05,2.7612997422890472e-05,0.4731746704695984,190,0.3265383220787519,32,-4.114388529909047,1.9099937467174224,-1.261298945890982,-6.874878924468836,-0.0006337424970346,-2.302072230009154e-05,5.9081957193112186e-05,2.5873602593267946e-05,0.4145939160372959,56.0,0.3567784171727871,27.0,-0.7431559348900038,-4.446014449194438,-3.706350289983418,-4.6606699524438095,4.515024906856902e-05,4.998091239885754e-05,-1.923335761315285e-05,-1.5236625903332777e-05,0.3824130264210142,30.0,0.3579933603335528,12.0,-0.316152488634314,-3.352716190410393,-0.0748809937174537,1.8499306531045687,-2.547322481860552e-05,4.439270446717682e-05,6.008995353200715e-07,2.511668094821153e-05,0.4145939160372959,56.0,0.3567784171727871,27.0,-6.437007585024449,-1.5789292661667742,-1.3514073689412265,2.337343211973443,7.628012828424142e-05,3.44664248138288e-05,-2.6841398548597885e-05,-8.609776800558263e-06,0.2888234421896902,14.0,0.2595828832747144,7.0,-0.7870089219253388,-4.476461348876739,-0.001237569743329,0.0005105990549894
50,CRUK0057_R2_ROI_2,3.1917003573341725,-1.1572637116676288,2.269951716614379,4.0576145364813625,7.347990228877772e-05,2.415675197721159e-05,-1.0376911422979609e-06,-7.110613046120879e-06,0.6086295997316165,1101.0,0.5220261324885055,210.0,-2.2655678531590757,-0.7848649544386817,6.388471044115628,5.57324416405342,-0.0009562810145059,-6.62859291768422e-05,9.136768574230712e-05,1.947794480257309e-05,0.4362747148275036,124,0.2829951340118434,16,8.72580421065859,-2.0428890247376863,6.270943624920267,0.8604431394585149,0.0013734221580244,0.0002409275115268,-0.0001059366603874,-4.3820235739741744e-05,0.4596263969255509,99.0,0.4321656450240215,39.0,-0.975506454914577,-4.790042844740968,-4.574234657949796,-4.189668341486259,4.752548196503401e-05,3.782752924120887e-05,-2.4703432334503284e-05,-1.6283525963660032e-05,0.3817857413620998,49.0,0.3140930693087525,15.0,-3.683366093728565,-6.127523664029345,-3.422432000307777,1.9061431685597197,-6.829609114879351e-05,2.330487085022941e-06,-8.751818672244096e-06,5.18394837458622e-06,0.4596263969255509,99.0,0.4321656450240215,39.0,0.7965143510897083,-3.1691846430372648,-1.3664064608004796,4.409080931221133,-7.908038324028558e-06,8.291233447571206e-05,-1.844674075897211e-05,-2.9576621156342416e-05,0.3697306045462369,41.0,0.3052610604568431,18.0,4.269721529661141,-0.308366271749039,-0.00099389388916,-0.001457502466793
51,CRUK0052_R1_ROI_2,5.125080819118961,-1.1086485549866136,2.184463238616542,5.24955197237645,-4.158674385931565e-05,3.512071991561254e-05,-2.361582854399012e-05,-5.197213412091272e-06,0.588498355407313,882.0,0.5135993688553472,159.0,-0.9620855205696268,9.394304563290126,5.66560560092788,-8.245632977488844,0.001177558769212,4.957699512201671e-05,-8.465562866769399e-05,7.962682470858036e-06,0.5970914025086662,905,0.5244885395220943,189,-0.8033710557108417,4.151289619527043,3.995158288123568,-3.33034778750623,-0.0005507210656208,4.524994846680764e-05,5.214806667912938e-05,-6.90762656084679e-06,0.3879601694583937,40.0,0.2637470173955376,13.0,0.5198889279618234,-2.94758023495166,-2.208695136456113,-3.796445401002437,3.560847980149126e-05,-2.06419449626434e-05,-1.3031722682957588e-06,2.747415680473732e-06,0.3997204678745442,45.0,0.417243777831514,26.0,-9.38004250906206,1.5319860373135288,-3.1827864511004145,-0.1040831219966437,2.8791506082730657e-05,1.6788049676593106e-05,1.560301331131093e-05,3.1449928610213234e-06,0.3879601694583937,40.0,0.2637470173955376,13.0,-0.1673917451098129,-3.2491789474029984,0.2749226292132143,5.5169649051516405,-5.638807126173274e-05,4.9517284930701856e-05,1.588720424156363e-05,-1.1059286584519974e-05,0.3930989036768868,35.0,0.3441340622680551,17.0,1.7632877074849511,3.829893679962959,0.0008086315635751,0.000769316672619
52,CRUK0002_R2_ROI_1,0.301086288023405,-2.073199628012243,7.660875953078082,-1.080678827655405,0.0001937320951003,8.180261973116697e-05,4.8397800957570624e-05,-3.807664553918574e-05,0.6089770910630324,1223.0,0.5451673946303222,255.0,-2.3941594866606115,-1.2461180501027935,5.284749887342064,4.782853286138662,-0.0009513052702072,3.2487991149330865e-05,9.211124978663906e-05,1.6758768228512757e-05,0.4408829799481276,121,0.3501180638385835,22,-5.726068606276448,-1.2922983264839067,0.032378208215603,-4.007707134371401,-0.0007502298844077,-0.0001377144417099,5.983992872579394e-05,2.6259331620828885e-05,0.3855968180832591,41.0,0.3732300068553927,17.0,1.0968167080850004,-4.778537967519262,0.4417661497119511,-0.5506867282727675,4.45834772421668e-06,-3.0600130423313424e-05,1.0237704410928823e-05,3.48944217796643e-06,0.3989621793114442,52.0,0.3959513851911637,28.0,-9.527526631361768,1.196197043438454,-3.993090813920448,0.9365674749104782,2.920707595367964e-05,-7.066374242528067e-07,1.7643909199205097e-05,1.3268152110545733e-05,0.3855968180832591,41.0,0.3732300068553927,17.0,-6.382777396129719,-2.760929103765878,-2.9396169935205383,4.08478917183627,8.813302802108254e-05,-2.076643456964147e-06,-7.199645376239352e-06,-4.102986025233116e-07,0.3184836117883095,21.0,0.2200817069435285,6.0,-0.9933010580423584,-4.159578189989643,-0.0013446354378439,0.0006143569075362
53,CRUK0004_R3_ROI_2,8.941618378197544,-3.266944905032735,-2.4533488936516568,4.489912037753794,-0.0001903120007521,4.7717862062218136e-05,-4.8572349355773967e-05,2.2571639328583825e-06,0.5517079192616031,555.0,0.4452124886875745,87.0,0.7756099556368585,1.514055301848845,2.3900678932749457,3.215526561985754,-0.0006295897262176,8.952105279063007e-05,6.560780879181386e-05,1.1613293156982122e-06,0.4838394247566359,205,0.3457275858629747,34,-1.0192842705237517,4.025267799788625,2.6537014911355614,-2.935399829705496,-0.0006092465264283,1.343787932379604e-05,5.688722474582774e-05,1.967365639618985e-05,0.3785727926130427,35.0,0.2812240594511262,13.0,-0.6458780152120991,-0.2114684060676578,-4.4547627105513,-3.9282193105274863,0.0001407337280602,6.466760672582043e-05,-3.5369546289425825e-05,-1.4785877594427596e-05,0.2948283122500713,18.0,0.2107634413564615,5.0,-7.576242769853951,0.671130635687729,-6.628790341905671,0.8305835178149249,5.458256593499926e-05,-1.365935357402849e-05,2.0244037263940632e-05,-2.7801729082829493e-06,0.3785727926130427,35.0,0.2812240594511262,13.0,-6.344889292381878,-1.9582876309436372,-3.3168017952081645,3.7136727121317183,7.693241894442006e-05,2.7185935428212583e-05,-2.6608980641975325e-05,-1.7465010068005592e-06,0.3373090914143485,24.0,0.1980440731624168,7.0,-0.9689295926350406,-1.4950369928055462,-0.0009789894643244,0.0005686968277816
54,CRUK0036_R3_ROI_1,11.333080100897591,-6.50398353231274,-3.5188864172540684,5.533365876901584,-0.0003477521074032,7.560571000303794e-06,-7.737869751782033e-05,2.220087604075862e-05,0.5049140236733153,291.0,0.3255513524795778,32.0,-0.378395173815092,4.609763743546273,0.7919865925358017,-1.160238087043999,0.0002220829152063,0.0004114314140774,1.812153478843617e-05,-5.47073436959071e-05,0.5490973713151256,482,0.4563887607882058,100,-3.0517551378630943,2.904706902142028,0.7472028479362494,-5.321636488701579,-0.0005601449619403,-0.0001490772281642,5.820531473324452e-05,2.5512442907032897e-05,0.3443828375195048,32.0,0.3071343076375508,15.0,-0.3257931934615705,-4.728096338331816,0.3360483588376662,2.0344051561888,1.1606726571103464e-05,3.3336511953862564e-05,4.8117794822106505e-06,-4.29746725625858e-06,0.422926499136489,53.0,0.3592405393934287,22.0,-8.203165290458623,0.1152072513979027,-6.259880563916441,0.2785156027632056,5.703847317534544e-05,-1.758916925171512e-05,3.018960899830205e-05,-1.463821890547305e-06,0.3443828375195048,32.0,0.3071343076375508,15.0,-1.758984114411983,-4.253329929541923,0.8401627999603938,3.211195689825679,9.331976137973508e-07,-1.522194708652135e-05,-7.609590902122316e-06,2.128521143052811e-05,0.3574809160614583,31.0,0.2875604384555122,10.0,-2.3192364476589065,-0.8154729038372419,-0.0001380244429212,0.0006439849965597
55,CRUK0002_R3_ROI_1,5.383285663243692,-0.9263294653680456,3.2375160694066496,4.23500328253304,-6.60136898578801e-05,5.391054067265847e-05,-2.2205780885689686e-05,-2.200867434701198e-05,0.5801360625515833,796.0,0.4840891842503971,146.0,-0.2764062603538622,3.907811089725418,0.5834915190970881,-0.7675917257455055,-0.0002399074322949,0.0005971945011111,5.243917193452383e-05,-6.054886182103215e-05,0.5194525619880103,291,0.4234054675107888,56,-5.933709092252275,-2.2693535030516703,1.8644698057886755,-5.672269575403677,-0.0008792520715446,-0.0004301865166389,5.929176783386646e-05,2.6289719817250197e-05,0.3249951172698135,20.0,0.2906039203334514,13.0,1.826400479903179,-3.3796383452716343,-0.5382778679061047,-2.1598423972816563,-6.880105562748964e-06,-6.785907008123398e-05,4.537768874976824e-06,1.5659733516800994e-05,0.4075075288467655,50.0,0.3729956168116203,28.0,-7.257448694840084,-0.7096008768919219,-5.353280877838352,-1.1224908357709955,8.820710343291946e-05,-5.916800067611412e-06,3.388976748001674e-05,-3.8107818908110376e-06,0.3249951172698135,20.0,0.2906039203334514,13.0,-7.126456723481965,-3.963756575879901,-0.1413443061247633,1.726639754981384,0.0001257118954963,-4.1774019715101246e-05,-2.314642845716233e-05,3.31214042837437e-05,0.3001807726598278,17.0,0.3129596665462808,11.0,-2.5924757817535107,-1.2642141265975686,-0.0006828399872677,0.0008560629342582
56,CRUK0009_R4_ROI_2,-9.459580239993857,-6.2036105750255786,14.113156662472418,-2.2107155229507423,0.0002573703771391,-8.877289818491283e-05,8.415822265463189e-05,4.000233061306881e-05,0.6474612599608744,2001.0,0.5778804658790184,407.0,2.87672676061181,4.758124811717097,2.5371866331985946,3.708608935242256,-3.934527586861868e-05,-0.000139218300555,4.37070249849246e-05,1.4165167960590368e-06,0.565955791355738,529,0.4048938122180738,70,0.972029338007499,4.952674195361275,3.073130184700516,-2.3299731453871613,-0.0003364194497373,0.0003537699877034,5.1461595120119967e-05,-7.107678483443522e-06,0.4571871925931761,91.0,0.3950267999249874,38.0,-0.6477402418744469,-5.535880373389258,-1.1422781837309737,-2.625422173400414,-1.3436504224867529e-05,4.038222555315008e-05,-1.3225516712694426e-06,1.5051396787735898e-05,0.4327094730788564,66.0,0.345599066651766,19.0,-3.885861957418235,-6.2498671066314015,0.5476771928891099,0.737838125368215,-7.943677406383536e-05,3.509808547445614e-06,-3.630237554300616e-05,1.2349039392163124e-05,0.4571871925931761,91.0,0.3950267999249874,38.0,-4.008665515895287,-2.722849767461616,0.6855449386454403,4.16386660941509,2.62618628251488e-05,-2.6914771027036075e-05,3.1319848802680068e-06,1.1967573117128509e-05,0.3604716786642084,29.0,0.3368960520674608,16.0,-1.3367970774643692,-1.0092586100904886,-0.0003715992915918,0.0003640699439804
57,CRUK0003_R6,1.1385453132049943,-3.389678715884173,6.280487400891797,-0.0355852082712772,0.0001115108430375,0.0001121379366531,1.8770851658369317e-05,-5.456603024872608e-05,0.5878208246980768,864.0,0.5098659854280291,178.0,-8.69473725957803,-4.671362245084674,7.562477410513651,7.776945712271654,-0.0012103200238929,-0.0003260595920964,9.98705818784373e-05,3.4567184581584774e-05,0.351334772070083,39,0.223858524921325,5,-0.5388295381432389,4.241226359493614,0.4612485095875466,-4.858273914443017,-0.0005397564024242,8.640441963347259e-05,5.606745657825444e-05,1.13029245248224e-05,0.4162679891393078,55.0,0.4148122873859665,33.0,-0.2170321371025729,-1.3621099623486626,-2.6614158306332545,-3.291550323018253,0.0001220494533416,-3.394634055046357e-05,-2.5104864222449587e-05,1.847088023091507e-05,0.3477856849071411,27.0,0.3184122362138361,12.0,-0.2022362046360548,-3.502838126661694,-0.3927746413518584,1.8392248936620927,-1.9659137686259244e-05,3.0017354136283518e-05,-9.17608715390444e-06,1.2683852221640222e-05,0.4162679891393078,55.0,0.4148122873859665,33.0,-7.12639511486201,-3.8042367758700704,-0.8767948225127256,2.135461696261999,0.0001545103214624,-2.9883214098393583e-06,-1.7217494059874465e-05,5.750223904315929e-06,0.3056503425343099,19.0,0.3361653783140652,13.0,0.2277314532738757,-4.143141158762936,-0.001538792190514,0.0003988227808755
58,CRUK0046_R4_ROI_1,9.619866890599477,-3.655408237338573,-2.527448516967042,4.273344768576548,-0.0002432763578301,3.274982340452347e-05,-6.002962595050971e-05,1.0790438749226788e-05,0.5458184187530981,437.0,0.4041784956237172,65.0,15.095176281053632,4.781544640459402,8.20459069641113,-5.763091422136454,0.0031469031031701,-0.0004386685134924,-0.0003819043122604,8.259707459700966e-06,0.6476063324527018,2042,0.5894330579619155,487,8.607685194822487,-1.5469691070250422,4.715937997707438,0.4787707020324264,0.0011846296665746,0.0001007842278065,-5.831365684873616e-05,-5.741068038200848e-05,0.413795425298253,71.0,0.2614980245460969,21.0,-0.4730658352076976,-9.72612033037576,-0.3929127653124592,-1.9343117208248828,-8.277984789822699e-05,6.604516135045411e-06,1.6467206935917946e-05,5.600506026392662e-06,0.4524798442712998,78.0,0.3816555834005166,35.0,-8.099162598707736,1.765280281203797,-5.963777319879759,0.7759357444610154,2.554756971168459e-05,-2.033754844065828e-05,2.3124106307602397e-05,-1.0750836467336284e-05,0.413795425298253,71.0,0.2614980245460969,21.0,3.164869984628325,-4.540787824452187,2.897855961452517,5.083701420679071,-0.0002141492378585,-4.452116508392894e-05,2.063284496409954e-05,1.3781348074698027e-05,0.426243150753017,65.0,0.3633799440977788,29.0,3.559122793981204,3.7502980261745087,0.0030928032142716,-0.0006332498089859
59,CRUK0051_R4_ROI_2,3.9929851184209504,-1.751237272830097,1.832688408724099,4.101593118989878,5.775314541615e-05,-7.502445859744616e-05,3.395428416107198e-06,2.3897171641321942e-05,0.6328781385858191,1452.0,0.5331116822404902,251.0,-4.60468779708466,-0.4547569378492886,4.687274671349504,4.841271763612703,-0.000839234451508,0.0001928976792482,9.436381275544153e-05,1.4652887917346835e-05,0.4735590266013714,178,0.3609489604450631,27,3.2447864760344403,2.2696277146171786,4.3053393654255485,-0.0539674743951834,0.0003013842969717,0.0004165848794294,1.1320008529965735e-05,-5.751021107891718e-05,0.43104846992252,71.0,0.4341184406884102,42.0,0.6235899090362815,-5.2632125246199015,-2.911868323354089,-5.298120413265526,-9.479739455899436e-06,-7.103560500731485e-06,-1.0214703735266347e-05,-1.124974238226136e-05,0.4125267262182311,51.0,0.3862541023087877,25.0,-8.771847778985775,2.6572580819196894,-2.8969157796796985,1.7589212447940834,-3.754709731602457e-06,5.86777512568646e-06,1.6685426782059277e-06,1.8477463250848573e-05,0.43104846992252,71.0,0.4341184406884102,42.0,-1.6721170274999884,-3.8474632807582863,1.590223516679292,4.1398648664903215,1.4012425505337678e-05,-2.088788565494839e-05,4.053035271733993e-06,1.948608810917776e-05,0.3720400303049845,39.0,0.2724960210537567,10.0,3.722155391886566,-0.7165765118621163,-0.0010697609428671,-0.0003810106837152
60,CRUK0006_R2_ROI_1,0.948976099451617,-2.651942573105533,6.26247502964599,0.1775812415218432,0.0001301797638111,6.717137027379463e-05,1.7454718591240266e-05,-5.783336449718325e-05,0.6039671823349974,1147.0,0.5024352210788964,180.0,-8.706977858619256,-4.666133794449559,8.028757338034275,7.653408480581189,-0.0012448090750081,-0.0003794565670816,9.969765492389064e-05,3.437721300519206e-05,0.3235749894093936,27,0.1502854622374357,3,3.3441001589153965,1.871695810091755,4.714505328538655,0.0420092100325048,0.0004331668319412,0.0003885954805948,-1.3252391226545236e-05,-3.559128964678186e-05,0.4407149994923893,72.0,0.415795253576065,36.0,-0.129014415215196,-1.1567493073529358,-4.08058498041645,-3.944091924913071,0.0001234024835535,9.78897584639391e-07,-3.1347312830645255e-05,-4.7502635044681547e-07,0.3297894654258542,23.0,0.2798577481333243,10.0,9.374536295454003,1.5189339690300885,0.920810507114553,-4.270459468055596e-05,-3.023383682518462e-05,-5.850871999433156e-06,-3.269811652155873e-05,-3.113032307720941e-06,0.4407149994923893,72.0,0.415795253576065,36.0,-6.420880204758208,-3.615592760788799,-2.75906438691277,1.6844476156156822,0.0001333830502688,1.6291215256519495e-05,-3.137195524377943e-05,-2.8837190672875544e-06,0.2816318045791869,14.0,0.2062072887845849,4.0,3.9025328213475903,-1.04827780436199,-0.0014115006603153,-0.0005545821278764
61,CRUK0024_R1,3.49994165893356,-0.6038757895265848,7.05222916333599,0.2493988930406938,7.347627502533202e-05,6.521919525851652e-05,1.358865427489236e-05,-3.537595270257083e-05,0.5981934054519807,1003.0,0.5209095582013088,198.0,4.480487810552837,5.730849389687875,5.946770498036126,-8.552648077329284,0.0008012256170784,-0.0001951294641331,-6.127627279668577e-05,1.1894425637102629e-05,0.604650502940198,960,0.5471389652205455,168,9.69878272582242,-2.852230993153744,6.912068252130058,2.04982689629973,0.0022773908287567,-0.0004189990172776,-0.0002986922848442,6.283561505205772e-05,0.4559697174794235,82.0,0.3686192930826122,34.0,-0.6121992674470812,-7.719287806843936,0.6333163146688259,2.1852869082060176,-4.75159227789952e-05,3.154441109510586e-05,1.0825304032950988e-05,-1.2683232713618568e-05,0.4380821784972981,58.0,0.3441498646845932,20.0,9.025175103662985,1.600779541996731,0.3298951656883612,0.8098728317525811,-4.316130045215247e-05,-1.734988950063934e-05,-2.4012974761594056e-05,2.3242006024439037e-06,0.4559697174794235,82.0,0.3686192930826122,34.0,0.350259735281226,-4.010576812283464,-0.6797642358562119,5.392141855741355,-0.0001505338520605,0.0001379456572903,4.319652333838826e-05,-4.804255690693019e-05,0.4649892769386728,81.0,0.4367625848918146,41.0,4.033489100473085,1.46939009048141,0.0008989995992974,-0.0021271567203066
62,CRUK0037_R4_ROI_2,,,,,,,,,,,,,-4.780770470661495,-1.695665941209514,8.5865187875165,6.678945308402062,-0.0010510996044259,-0.0001058696977439,9.9928519726492e-05,3.2694702672532426e-05,0.4289382255636411,105,0.2137165161983955,11,-5.6796476284423525,-1.3638483771307714,1.6331520322964277,-5.459016374446913,-0.0006937455668223,-0.0001857916710568,5.998342698742439e-05,2.690088644241416e-05,,,,,,,,,,,,,,,,,,,,,,,,,,,,,-6.022121040477882,-2.6076621939824167,1.6419764352223651,4.201223628376822,8.779936676739294e-05,-4.6640738378795546e-05,-1.447634015852298e-05,3.289583679740909e-05,0.3188344986484084,22.0,0.2524927004918669,10.0,,,,
63,CRUK0006_R1_ROI_1,,,,,,,,,,,,,-9.54277684170178,-5.677841939226071,7.259918658839121,7.099842017674754,-0.001202162681525,-0.0003495605391738,9.911185884619212e-05,3.308611719272547e-05,0.2628265115851403,23,-0.0,1,8.329825648988768,-1.1985112478542628,5.617635198603937,1.000502833351106,0.0009204468354662,0.0001755396306211,-5.7173193108044674e-05,-6.087193603428243e-05,,,,,,,,,,,,,,,,,,,,,,,,,,,,,-6.381613511295079,-1.5349978429725366,,,0.0001162763269119,7.445845935680091e-05,,,0.1737728148723018,6.0,,,,,,
64,CRUK0037_R2_ROI_2,,,,,,,,,,,,,-9.77896767789497,-6.221501744315274,7.501220353526145,7.489675613229985,-0.0012395594101765,-0.0004092553392039,9.966318249764488e-05,3.430699572689218e-05,0.1843641693231335,7,0.0,0,0.9783762878960076,4.755142009831649,2.913879323052205,-2.4442206122585417,-0.0002961465511961,0.0001534697539152,5.067959443830611e-05,8.571274027133846e-06,,,,,,,,,,,,,,,,,,,,,,,,,,,,,,,,,,,,,,,,,,,,
65,CRUK0006_R1_ROI_2,,,,,,,,,,,,,-10.066781469178723,-5.674841604159508,7.872478246940187,6.749878408260539,-0.0012237890327787,-0.0003705748196337,9.972856428117832e-05,3.4383663776890386e-05,0.2601714554718874,16,-0.0,1,3.1972099214155723,2.596389596558831,4.493088757908435,-0.0732836400866653,0.0001651281943039,0.0005177995186562,2.4215354389295227e-05,-4.809827650227902e-05,,,,,,,,,,,,,,,,,,,,,,,,,,,,,,,,,,,,,,,,,,,,
66,CRUK0005_R3,,,,,,,,,,,,,-9.913592997639356,-6.111066157073648,7.784056340842621,7.579637798684346,-0.0012333830643002,-0.0004035677171727,9.966318249764488e-05,3.430699572689218e-05,0.2154468112201222,10,0.0,0,-6.342584614692187,-2.976389117233963,1.4884481304155055,-5.280847367609231,-0.0008369143430358,-0.0003391250379694,5.885053437543382e-05,2.50511373203565e-05,,,,,,,,,,,,,,,,,,,,,,,,,,,,,,,,,,,,,,,,,,,,
67,CRUK0005_R1,,,,,,,,,,,,,-10.18201885909007,-5.8415262147198375,7.317538365920289,7.692738881234357,-0.0012396568130756,-0.0003989715223494,9.966318249764488e-05,3.430699572689218e-05,0.1712975930838197,8,0.0,0,-6.521128932016962,-2.809678649345425,3.2592888315869537,-4.008483682044999,-0.0007742784517759,-0.0002326054839162,5.711972920640962e-05,2.154657898450169e-05,,,,,,,,,,,,,,,,,,,,,,,,,,,,,,,,,,,,,,,,,,,,
68,CRUK0038_R1,,,,,,,,,,,,,-8.121425006278542,-4.267332479351591,8.029162792076264,6.3606395770745,-0.0011816045651697,-0.0003026046352175,0.0001000016044485,3.501717825247852e-05,0.3766579692185666,54,0.1834838733566889,6,8.859890672254195,-1.963246932447483,6.583837650480181,1.2243734314167376,0.0013684246794668,3.1077443158369126e-05,-0.0001183898463243,-4.922890706600362e-05,,,,,,,,,,,,,,,,,,,,,,,,,,,,,-2.0584733537543727,-4.635063462606212,-0.8870273472722823,2.3731046259217154,-6.089058874406788e-07,-5.094315353332492e-06,-1.4792485014576004e-05,3.102327589242616e-06,0.3587117625385552,30.0,0.3384577967736917,12.0,,,,
69,CRUK0005_R4,,,,,,,,,,,,,-9.065378679548315,-4.9607322994953424,8.081278681637576,7.773113008271423,-0.0012453640403746,-0.0004096605129401,9.966336495482424e-05,3.430744418850723e-05,0.2741812285809878,17,0.1143682217349019,3,-7.5930437201217265,-3.5624729788014244,2.0089989625777367,-5.148267455215093,-0.000832174447903,-0.00033604469901,5.874956140339343e-05,2.4766002231400408e-05,,,,,,,,,,,,,,,,,,,,,,,,,,,,,,,,,,,,,,,,,,,,
70,CRUK0037_R2_ROI_1,,,,,,,,,,,,,-9.188270542767237,-5.094808831796572,8.050236475022919,7.197001347919764,-0.0012316923687193,-0.0003642085322315,9.967106054574228e-05,3.432390135815792e-05,0.2827742480877165,20,0.1468166565400792,2,-2.670299247701384,3.2454084223800823,-1.69614455526709,-6.859657133429719,-0.0004215904440879,-4.735056404211863e-05,6.023636289787949e-05,2.830479980735259e-05,,,,,,,,,,,,,,,,,,,,,,,,,,,,,,,,,,,,,,,,,,,,
